Year,Account,Bundle,Total_Amount,Total_Orders,Avg_Order_Value,Segment
2023,247 Networks,Sierra Wireless,1223.63,1,1223.63,One-time/Low Value
2023,ACT,Cambium Networks,53153.57,4,13288.3925,Champions
2023,ACT,Ceragon Networks,28265.52,2,14132.76,At Risk
2023,AECOM,Sierra Wireless,660.36,1,660.36,One-time/Low Value
2023,AEP Oklahoma,Sierra Wireless,10890.69,3,3630.23,Needs Nurture
2023,AEP Texas,Sierra Wireless,1983.03,1,1983.03,One-time/Low Value
2023,AES,Cambium Networks,39142.24,1,39142.24,Big Spenders
2023,AQWA,Sierra Wireless,625.84,1,625.84,Promising/New
2023,ATI Flat Rolled Products,Celona,215710.72,5,43142.144,Champions
2023,ATN International,Cambium Networks,54955.22,4,13738.805,Big Spenders
2023,ATN International,Ceragon Networks,49744.8,1,49744.8,Needs Nurture
2023,ATN International,Ciena,138624.66,3,46208.22,Champions
2023,"Accel Communications, Inc",Sierra Wireless,365.52,1,365.52,One-time/Low Value
2023,Accenture Federal,Other,100000.0,1,100000.0,Big Spenders
2023,Aclara - Hubbell Inc,Sierra Wireless,2747.05,1,2747.05,Needs Nurture
2023,Acoustic Technology Inc,Sierra Wireless,2735.04,1,2735.04,Needs Nurture
2023,Actemium,Sierra Wireless,2644.62,1,2644.62,Promising/New
2023,Alessios,Cradlepoint,616.76,1,616.76,One-time/Low Value
2023,Alliant Energy,Sierra Wireless,58119.4,1,58119.4,Needs Nurture
2023,"Allied Control Services, Inc.",Sierra Wireless,29218.62,14,2087.044285714286,Champions
2023,Ameresco Operations & Maintenance,Sierra Wireless,39.0,1,39.0,Promising/New
2023,American Water,Sierra Wireless,20280.48,2,10140.24,Big Spenders
2023,Americom,Sierra Wireless,822.97,1,822.97,One-time/Low Value
2023,Amscot - The Money Superstore,Other,187.96,1,187.96,Promising/New
2023,Apergy - ChampionX,Other,28766.0,6,4794.333333333333,Champions
2023,Apergy - ChampionX,Sierra Wireless,60000.0,2,30000.0,Champions
2023,Arkansas Oklahoma Gas Corporation,Sierra Wireless,64424.0,2,32212.0,Big Spenders
2023,Arklanet,Cambium Networks,7208.05,3,2402.683333333333,Needs Nurture
2023,Artesian Water,Sierra Wireless,46657.0,3,15552.33333333333,Champions
2023,Artiel Systems Integration,Sierra Wireless,1690.68,1,1690.68,One-time/Low Value
2023,Atlantic Communications,Sierra Wireless,870.85,1,870.85,One-time/Low Value
2023,Atlantic Veterinary Hospital,Peplink,1058.82,1,1058.82,One-time/Low Value
2023,Atmos Energy Corporation,Sierra Wireless,9948.0,1,9948.0,Promising/New
2023,"Automated Control Concepts, Inc./ Inflexion Point",Sierra Wireless,10476.9,2,5238.45,Loyal
2023,Avrumy's Security,Sierra Wireless,429.19,1,429.19,One-time/Low Value
2023,BAE Systems Digital Intelligence,Nokia,500000.0,1,500000.0,Needs Nurture
2023,BQ Dynetics,Cambium Networks,29271.72,1,29271.72,Big Spenders
2023,Baha Mar,Use Cases,38025.33,1,38025.33,Needs Nurture
2023,Birdi Systems,Sierra Wireless,1316.89,1,1316.89,One-time/Low Value
2023,Bluebonnet Electric Cooperative,Sierra Wireless,43243.32,2,21621.66,At Risk
2023,Boldyn Networks,Cradlepoint,10085.75,2,5042.875,Loyal
2023,Boldyn Networks,Nokia,46023.99000000001,2,23011.995,Big Spenders
2023,Bounce Imaging,Sierra Wireless,2127.97,2,1063.985,Loyal
2023,Brayman Construction,Sierra Wireless,740.61,1,740.61,One-time/Low Value
2023,COLSA,Nokia,101700.68,2,50850.34,At Risk
2023,CP Chem,Site Infrastructure,2701.16,1,2701.16,One-time/Low Value
2023,CSX,Cambium Networks,402807.25,13,30985.17307692308,Champions
2023,CTG,Sierra Wireless,1521.46,1,1521.46,One-time/Low Value
2023,"Cable Associates, Inc",Sierra Wireless,778.16,1,778.16,One-time/Low Value
2023,"Calera Gas, LLC",Sierra Wireless,760.73,1,760.73,One-time/Low Value
2023,California American Water,Sierra Wireless,26924.9,10,2692.49,Champions
2023,Cambium Networks,Cambium Networks,8159.64,1,8159.64,Needs Nurture
2023,Carrier,Cradlepoint,1252500.0,2,626250.0,Champions
2023,Chevron,Cradlepoint,25597.01,1,25597.01,Needs Nurture
2023,ChipChat Technology Group,Sierra Wireless,1156.88,1,1156.88,Promising/New
2023,Cimarron Electric,Sierra Wireless,3253.05,1,3253.05,Needs Nurture
2023,City of Austin,Sierra Wireless,129.4,1,129.4,One-time/Low Value
2023,City of Panama Beach City,Peplink,28671.31,1,28671.31,Needs Nurture
2023,City of Rock hill,Sierra Wireless,300.0,1,300.0,One-time/Low Value
2023,Clay Electric Cooperative,Sierra Wireless,1804.98,1,1804.98,Promising/New
2023,Cole Engineering Services/By-Light,Cambium Networks,181152.0,1,181152.0,Needs Nurture
2023,Cole Engineering Services/By-Light,Other,442168.75,1,442168.75,Needs Nurture
2023,Cole Engineering Services/By-Light,Professional Services,17814.2,1,17814.2,Big Spenders
2023,Cole Engineering Services/By-Light,Site Development,9285.71,1,9285.71,Needs Nurture
2023,Colossal Contracting LLC,Sierra Wireless,109711.5,1,109711.5,Big Spenders
2023,Commtech,Sierra Wireless,650.61,1,650.61,Promising/New
2023,Communication Technology Services,Sierra Wireless,1000.0,1,1000.0,Promising/New
2023,Complete Control Services,Sierra Wireless,7267.040000000001,4,1816.76,Needs Nurture
2023,Complete Control Services,Site Development,4177.56,2,2088.78,Loyal
2023,Conrail,Sierra Wireless,1886.57,1,1886.57,Promising/New
2023,ConstructCams,Sierra Wireless,6039.45,1,6039.45,Promising/New
2023,Control Systems Technology,Sierra Wireless,8719.84,2,4359.92,Loyal
2023,Convergent Energy,Cradlepoint,23100.7,1,23100.7,Big Spenders
2023,Convergint Technologies,Sierra Wireless,807.01,1,807.01,Promising/New
2023,Cooperative Energy,Sierra Wireless,19324.61,4,4831.1525,Big Spenders
2023,Cornell University,Sierra Wireless,1721.66,1,1721.66,Promising/New
2023,Cox,Cambium Networks,246281.42,7,35183.06,Champions
2023,Cox,Other,333596.25,3,111198.75,Champions
2023,Cradlepoint,Cradlepoint,88.24,1,88.24,One-time/Low Value
2023,DTE Energy,Sierra Wireless,1915.05,1,1915.05,Promising/New
2023,DTE Midstream,Sierra Wireless,19896.0,1,19896.0,Needs Nurture
2023,Darke County Sheriff,Sierra Wireless,36403.02,1,36403.02,Needs Nurture
2023,Digital Path,Sierra Wireless,1815.08,1,1815.08,Promising/New
2023,Distinctive AFWS Designs,Sierra Wireless,1328.38,2,664.19,Loyal
2023,Dixie Electric,Other,5277.1,2,2638.55,Loyal
2023,Duplicate - Irby Utilities,Sierra Wireless,5672.0,1,5672.0,Promising/New
2023,EA Science and Technology,Sierra Wireless,852.73,1,852.73,One-time/Low Value
2023,EQT,Other,1808.34,2,904.17,At Risk
2023,EQT,Sierra Wireless,64611.35,10,6461.135,Champions
2023,"ETS - Engineering & Testing Services, Inc.",Sierra Wireless,7156.710000000001,3,2385.57,Loyal
2023,EWA - Electronic Warfare Associates,Other,223000.0,1,223000.0,Needs Nurture
2023,Eagle Automation,Sierra Wireless,1324.77,2,662.385,Loyal
2023,East Kentucky Power Cooperative,Sierra Wireless,12304.99,2,6152.495000000001,Champions
2023,Eastex Tower,Ciena,447622.12,1,447622.12,Big Spenders
2023,Electronic Security Corporation,Sierra Wireless,483.14,1,483.14,One-time/Low Value
2023,Engage P2P,Sierra Wireless,670.9,1,670.9,One-time/Low Value
2023,Equitrans Midstream,Sierra Wireless,4513.78,5,902.756,Loyal
2023,Essex County Office of Emergency Services,Sierra Wireless,5878.139999999999,2,2939.07,Loyal
2023,Exelon,Other,562.33,1,562.33,One-time/Low Value
2023,Exelon - Atlantic City Electric,Sierra Wireless,2372.32,2,1186.16,At Risk
2023,Exelon - Delmarva,Sierra Wireless,283500.0,1,283500.0,Needs Nurture
2023,Exelon - PECO,Sierra Wireless,30194.69,3,10064.89666666667,At Risk
2023,Exelon/BGE,Sierra Wireless,284133.68,2,142066.84,At Risk
2023,Fairfax County PD,Sierra Wireless,2766.2,1,2766.2,Needs Nurture
2023,Fischer Block,Sierra Wireless,3803.65,2,1901.825,At Risk
2023,Fleaux Services,Sierra Wireless,6632.0,1,6632.0,Needs Nurture
2023,Floor and Decor,Cradlepoint,195348.33,2,97674.165,Champions
2023,Fusion World Wide,Sierra Wireless,65061.0,1,65061.0,Big Spenders
2023,Future Technologies Innovations LLC,Cambium Networks,134000.0,1,134000.0,Big Spenders
2023,Future Technologies Innovations LLC,Other,30650.11,2,15325.055,Champions
2023,GDT,Sierra Wireless,36432.0,1,36432.0,Needs Nurture
2023,Gaia Green Earth,Cambium Networks,20000.0,1,20000.0,Needs Nurture
2023,Geiler,Sierra Wireless,1239.36,1,1239.36,One-time/Low Value
2023,George E. Booth Company,Sierra Wireless,11556.41,4,2889.1025,Champions
2023,Gogo Inflight,Ceragon Networks,24558.0,2,12279.0,Champions
2023,Gogo Inflight,Other,1255.0,1,1255.0,One-time/Low Value
2023,Gogo Inflight,Professional Services,3000.0,1,3000.0,Needs Nurture
2023,Graybill Inc. (Alliant Energy),Sierra Wireless,5864.88,1,5864.88,Promising/New
2023,Greenfield Inc,Cradlepoint,168059.36,1,168059.36,Needs Nurture
2023,Grey Wolf Automation,Sierra Wireless,983.08,1,983.08,One-time/Low Value
2023,Guardian Access Solutions,Sierra Wireless,2623.92,1,2623.92,Promising/New
2023,H&H Door Company Inc.,Sierra Wireless,2616.93,1,2616.93,One-time/Low Value
2023,Hanen,Sierra Wireless,825.22,1,825.22,One-time/Low Value
2023,Hardin Medical Center,Sierra Wireless,466.06,1,466.06,One-time/Low Value
2023,Hyundai,Other,56640.0,1,56640.0,Big Spenders
2023,ICA Engineering,Sierra Wireless,24718.05,2,12359.025,Big Spenders
2023,IPEX,Cradlepoint,46404.23,1,46404.23,Needs Nurture
2023,IROB Solutions LLC,Sierra Wireless,3388.93,2,1694.465,At Risk
2023,ISA Solar Integrated Solar,Sierra Wireless,673.44,1,673.44,Promising/New
2023,Illinois American Water,Sierra Wireless,53159.73,19,2797.88052631579,Champions
2023,Indeck Power Equipment Company,Sierra Wireless,4149.46,2,2074.73,Loyal
2023,Indiana American Water,Sierra Wireless,14955.5,5,2991.1,Champions
2023,Information Station Specialists,Sierra Wireless,3703.0,1,3703.0,Needs Nurture
2023,Intuitive Research and Technology Corporation,Nokia,250000.0,1,250000.0,Big Spenders
2023,Intuitive Research and Technology Corporation,Other,135294.12,1,135294.12,Needs Nurture
2023,Intuitive Research and Technology Corporation,Site Infrastructure,160000.0,1,160000.0,Needs Nurture
2023,Irby Utilities,Other,10397.67,2,5198.835,Loyal
2023,Irby Utilities,Sierra Wireless,26262.5,3,8754.166666666666,Champions
2023,J&M Security Solutions,Sierra Wireless,761.18,1,761.18,Promising/New
2023,JSat Automation Inc.,Sierra Wireless,796.81,1,796.81,One-time/Low Value
2023,Jakoby-cor,Other,501.43,1,501.43,One-time/Low Value
2023,Johnson & Johnson,Professional Services,1500.0,1,1500.0,One-time/Low Value
2023,Johnson & Johnson,Use Cases,12352.94,1,12352.94,Needs Nurture
2023,Johnson Controls,Sierra Wireless,480.64,1,480.64,One-time/Low Value
2023,Johnston Technical Services,Sierra Wireless,3382.45,1,3382.45,Needs Nurture
2023,KYTC,Other,11935.66,3,3978.553333333333,Champions
2023,KYTC,Sierra Wireless,493945.98,8,61743.2475,Champions
2023,Kenergy,Cambium Networks,19659.04,3,6553.013333333333,Champions
2023,Kentucky American Water,Sierra Wireless,1400.48,1,1400.48,One-time/Low Value
2023,Kinder Morgan,Cambium Networks,6820.88,1,6820.88,Needs Nurture
2023,Kit Communications,Sierra Wireless,0.0,1,0.0,One-time/Low Value
2023,Kokosing Construction,Sierra Wireless,2340.46,1,2340.46,One-time/Low Value
2023,Kupper Engineering,Sierra Wireless,2660.0,1,2660.0,One-time/Low Value
2023,LA City,Sierra Wireless,3746.64,1,3746.64,Needs Nurture
2023,Larimer Emergency Telephone Authority,Sierra Wireless,3813.32,1,3813.32,Promising/New
2023,Las Cruces,Sierra Wireless,1511.18,1,1511.18,Promising/New
2023,Leading Integration,Sierra Wireless,811.09,1,811.09,One-time/Low Value
2023,Leidos,Sierra Wireless,817264.0,1,817264.0,Needs Nurture
2023,Lenco Armored Vehicles,Sierra Wireless,2254.5,1,2254.5,One-time/Low Value
2023,Link Media Outdoor,Sierra Wireless,678.11,2,339.055,Loyal
2023,Linkan Engineering,Sierra Wireless,870.85,1,870.85,One-time/Low Value
2023,MARTA,Sierra Wireless,1700.07,2,850.035,Loyal
2023,MWI Direct,Sierra Wireless,1567.1,1,1567.1,One-time/Low Value
2023,Maher Terminal Port Elizabeth,Nokia,31286.55,2,15643.275,Champions
2023,Major Projects LLC,Sierra Wireless,2059.67,1,2059.67,Promising/New
2023,Maryland American Water,Sierra Wireless,7992.0,2,3996.0,At Risk
2023,Maxim Automation,Sierra Wireless,15698.69,7,2242.67,Champions
2023,Metropolitan Airports Commission,Sierra Wireless,349.77,1,349.77,One-time/Low Value
2023,Micro Enterprise NJ,Sierra Wireless,65050.8,1,65050.8,Big Spenders
2023,Missouri American Water,Sierra Wireless,22997.24,8,2874.655,Big Spenders
2023,Mon Valley Integration,Sierra Wireless,4629.98,5,925.996,Loyal
2023,Monumental Sports,Cambium Networks,59617.09,3,19872.36333333333,Champions
2023,Musco Lighting,Sierra Wireless,5377.38,1,5377.38,Needs Nurture
2023,NJ American Water,Sierra Wireless,33685.22,3,11228.40666666667,At Risk
2023,NMTS New Mexico Tech Seismological Observatory,Sierra Wireless,1589.36,1,1589.36,Promising/New
2023,Namaste Solar,Sierra Wireless,650.61,1,650.61,One-time/Low Value
2023,Neptune Technology Group,Sierra Wireless,5986.6,3,1995.533333333333,Loyal
2023,New Hampshire Electric,Sierra Wireless,3803.65,1,3803.65,Needs Nurture
2023,Nokia,Other,11886.0,2,5943.0,Champions
2023,Nomad Solutions/Apex,Cambium Networks,104441.6,3,34813.86666666667,Champions
2023,Norfolk Southern,Cambium Networks,909630.64,12,75802.55333333333,Champions
2023,Norfolk Southern,Other,167671.74,7,23953.10571428572,Champions
2023,Norfolk Southern,Site Infrastructure,208048.42,3,69349.47333333334,Champions
2023,"North Shore Energy, LLC",Sierra Wireless,971.54,1,971.54,Promising/New
2023,North Slope Telecom,Sierra Wireless,650.61,1,650.61,One-time/Low Value
2023,NorthPoint Development,Sierra Wireless,543.7,1,543.7,Promising/New
2023,Occidental Petroleum,Cambium Networks,2887586.27,17,169858.0158823529,Champions
2023,Occidental Petroleum,Other,5697.93,2,2848.965,Needs Nurture
2023,Occidental Petroleum,Site Development,16942.87,2,8471.435,Big Spenders
2023,Occidental Petroleum,Site Infrastructure,84133.62,8,10516.7025,Champions
2023,Ocean State Signal,Sierra Wireless,567.2,1,567.2,One-time/Low Value
2023,Oceaneering,Cambium Networks,33026.0,1,33026.0,Needs Nurture
2023,One Atlas,Sierra Wireless,307.32,1,307.32,One-time/Low Value
2023,PA American Water,Other,764.25,1,764.25,One-time/Low Value
2023,PA American Water,Sierra Wireless,78315.26000000001,19,4121.855789473685,Champions
2023,PDS Solutions,Sierra Wireless,360.66,1,360.66,One-time/Low Value
2023,PS Electric LLC,Sierra Wireless,11344.0,2,5672.0,Big Spenders
2023,Parsons,Sierra Wireless,29637.5,1,29637.5,Big Spenders
2023,Pearce-Renewables,Sierra Wireless,739.55,1,739.55,One-time/Low Value
2023,Pennsylvania Solar Company,Sierra Wireless,329.44,1,329.44,Promising/New
2023,Peoria Heights,Sierra Wireless,32416.2,1,32416.2,Needs Nurture
2023,Peraton,Sierra Wireless,7781.71,1,7781.71,Promising/New
2023,Perceptive Controls,Sierra Wireless,4148.39,4,1037.0975,Loyal
2023,Perimeter Protection Security Solutions,Sierra Wireless,5597.1,1,5597.1,Promising/New
2023,Pertech,Sierra Wireless,1367.21,1,1367.21,Promising/New
2023,Petra Consultants,Sierra Wireless,650.0,1,650.0,One-time/Low Value
2023,Phantom Technical,Sierra Wireless,346.99,1,346.99,One-time/Low Value
2023,"Phillips Southern Electric Co., Inc.",Sierra Wireless,5302.55,1,5302.55,Needs Nurture
2023,Pioneer Cellular,Other,3683.29,1,3683.29,Needs Nurture
2023,Pioneer Cellular,Sierra Wireless,44936.86,2,22468.43,At Risk
2023,Pioneer Electric Coop,Sierra Wireless,11880.06,1,11880.06,Needs Nurture
2023,Power Share Cooperative,Sierra Wireless,650.61,1,650.61,One-time/Low Value
2023,Powershare Energy Cooperative,Sierra Wireless,650.61,1,650.61,One-time/Low Value
2023,Powersouth Energy Cooperative,Cambium Networks,30700.94,6,5116.823333333334,Champions
2023,Powersouth Energy Cooperative,Sierra Wireless,501.02,1,501.02,Promising/New
2023,Preferred Communications,Sierra Wireless,803.84,1,803.84,One-time/Low Value
2023,"Quality Controls, Inc.",Sierra Wireless,650.61,1,650.61,Promising/New
2023,ROCS Transit,Sierra Wireless,2052.43,1,2052.43,One-time/Low Value
2023,Railpower Tech LLC,Sierra Wireless,1951.83,1,1951.83,One-time/Low Value
2023,Ramboll,Other,211.5,1,211.5,One-time/Low Value
2023,Ramboll,Sierra Wireless,741.36,2,370.68,At Risk
2023,Ranger Excavating,Sierra Wireless,300.0,1,300.0,One-time/Low Value
2023,Rappahannock Electric Cooperative,Sierra Wireless,3424.62,1,3424.62,Needs Nurture
2023,Reliance Test & Technology (Formerly InDyne) Eglin,Cambium Networks,37537.4,1,37537.4,Needs Nurture
2023,Rock River Service,Sierra Wireless,1312.02,1,1312.02,One-time/Low Value
2023,"Rockcliff Energy, LLC",Sierra Wireless,19128.8,3,6376.266666666666,Champions
2023,Rocket Technologies,Sierra Wireless,910.97,1,910.97,Promising/New
2023,Rohde & Schwarz,Ciena,19099.54,3,6366.513333333333,Champions
2023,Rolls Royce,Other,3027.24,1,3027.24,Needs Nurture
2023,Santee Cooper,Cambium Networks,23135.12,4,5783.78,Champions
2023,Shenandoah Valley Electric CO-OP,Cambium Networks,103.76,1,103.76,One-time/Low Value
2023,Shenandoah Valley Electric CO-OP,Ericsson,459.75,1,459.75,One-time/Low Value
2023,Shenandoah Valley Electric CO-OP,Sierra Wireless,35831.9,2,17915.95,Big Spenders
2023,Smart Sky Networks,Ceragon Networks,33608.09,6,5601.348333333332,At Risk
2023,Solar Security,Sierra Wireless,1322.02,1,1322.02,One-time/Low Value
2023,Sonavex,Sierra Wireless,3891.7,2,1945.85,Loyal
2023,Sondhi Solutions,Sierra Wireless,1392.94,1,1392.94,Promising/New
2023,South Florida Water management district,Cambium Networks,15037.63,2,7518.815,Big Spenders
2023,Southern Company,Cambium Networks,50168.93,9,5574.325555555555,Champions
2023,Southern Electrical Equipment Co.,Sierra Wireless,1567.34,1,1567.34,One-time/Low Value
2023,"Southern Flow, Inc.",Sierra Wireless,5201.05,2,2600.525,Loyal
2023,Southwest Gas Corp.,Other,2603.62,1,2603.62,One-time/Low Value
2023,Space Force,Cambium Networks,125000.0,1,125000.0,Needs Nurture
2023,Specialist Commercial Solutions,Cambium Networks,6361.52,1,6361.52,Needs Nurture
2023,Specialist Commercial Solutions,Cradlepoint,12727.65,3,4242.55,Champions
2023,Square Robot,Sierra Wireless,696.49,1,696.49,One-time/Low Value
2023,St. Tammany Parish,Cradlepoint,102355.0,1,102355.0,Needs Nurture
2023,Strategic Maintenance Solutions,Sierra Wireless,2453.51,1,2453.51,One-time/Low Value
2023,"Sumaria Systems, LLC",Cambium Networks,39120.32,1,39120.32,Big Spenders
2023,Summit Utilities,Sierra Wireless,22056.0,2,11028.0,Big Spenders
2023,Symspire,Sierra Wireless,1935.81,1,1935.81,One-time/Low Value
2023,Systems Control,Cambium Networks,10656.01,1,10656.01,Needs Nurture
2023,TICO Technical,Sierra Wireless,855.6,1,855.6,One-time/Low Value
2023,"TOKYO OHKA KOGYO AMERICA, INC.",Sierra Wireless,372.0,1,372.0,One-time/Low Value
2023,"TRI-R Systems, Inc",Sierra Wireless,6626.96,4,1656.74,Needs Nurture
2023,TSI Controls,Sierra Wireless,3696.23,2,1848.115,Loyal
2023,Tech Know How LLC,Sierra Wireless,937.18,1,937.18,One-time/Low Value
2023,Tech Solutions Statesboro,Peplink,941.18,1,941.18,One-time/Low Value
2023,Telstar Instruments,Sierra Wireless,650.59,1,650.59,One-time/Low Value
2023,Tennessee American Water,Sierra Wireless,3996.0,1,3996.0,Needs Nurture
2023,Tennessee Valley Authority,Sierra Wireless,3595.54,2,1797.77,Loyal
2023,Texas Electric Coop,Sierra Wireless,5670.6,1,5670.6,Promising/New
2023,"The Ritz-Carlton Residences, Inner Harbor, Baltimore",Use Cases,37848.0,1,37848.0,Big Spenders
2023,The York Water Company,Sierra Wireless,2397.6,1,2397.6,One-time/Low Value
2023,Thurmond McGlothlin,Sierra Wireless,567.2,1,567.2,One-time/Low Value
2023,Today's Power,Sierra Wireless,6050.56,1,6050.56,Needs Nurture
2023,Tri-County Electric Coop.,Cradlepoint,4971.81,1,4971.81,Promising/New
2023,Trigg County Sheriff,Sierra Wireless,11044.9,1,11044.9,Big Spenders
2023,Trinity Exploration & Production,Cradlepoint,100000.0,1,100000.0,Needs Nurture
2023,TruAccess Networks,Cradlepoint,409799.96,1,409799.96,Needs Nurture
2023,Truckee Meadows Water Authority,Sierra Wireless,2970.0,1,2970.0,Needs Nurture
2023,Trumansburg Police Department,Sierra Wireless,2197.34,1,2197.34,Promising/New
2023,UGI Utilities,Sierra Wireless,2651.6,1,2651.6,One-time/Low Value
2023,US Air Force,Cambium Networks,149396.77,1,149396.77,Needs Nurture
2023,US Army,Cambium Networks,82176.4,1,82176.4,Needs Nurture
2023,US Army,Nokia,33099.872,2,16549.936,At Risk
2023,US Army,Site Infrastructure,170770.78,2,85385.39000000001,Big Spenders
2023,United States Coast Guard,Cambium Networks,49897.45,2,24948.725,Big Spenders
2023,Uniti Fiber,Other,1261.92,1,1261.92,One-time/Low Value
2023,Unity Township Emergency Management,Sierra Wireless,2189.92,1,2189.92,Promising/New
2023,Utilicom Supply,Other,183.75,1,183.75,Promising/New
2023,Utilicom Supply,Sierra Wireless,107522.12,2,53761.06,At Risk
2023,VA-KY Communications,Sierra Wireless,2813.43,1,2813.43,Needs Nurture
2023,VLCM,Sierra Wireless,865.76,1,865.76,One-time/Low Value
2023,Wagoner Wind,Sierra Wireless,4680.0,1,4680.0,Needs Nurture
2023,Wavetronix,Sierra Wireless,1783.26,1,1783.26,One-time/Low Value
2023,We Energies,Sierra Wireless,23340.0,2,11670.0,Big Spenders
2023,West Kentucky Rural Electric,Other,453.9,1,453.9,One-time/Low Value
2023,West Side Vol Fire Department,Sierra Wireless,1227.56,1,1227.56,Promising/New
2023,West Virginia American Water,Sierra Wireless,36284.52,5,7256.904,Champions
2023,Western Midstream,Cambium Networks,1338857.09,14,95632.64928571427,Champions
2023,Western Midstream,Site Development,675511.78,2,337755.89,Champions
2023,Western Midstream,Site Infrastructure,2328522.34,6,388087.0566666666,Champions
2023,Westlake Financial,Sierra Wireless,1189.75,1,1189.75,Promising/New
2023,WiLine,Other,140000.0,1,140000.0,Needs Nurture
2023,WiLine,Peplink,85106.0,2,42553.0,Champions
2023,Williams Information Technology LLC,Sierra Wireless,1522485.98,19,80130.84105263157,Champions
2023,Williamsburg Police Department,Sierra Wireless,1237.9,1,1237.9,One-time/Low Value
2023,Yankee Communications,Sierra Wireless,39960.0,1,39960.0,Big Spenders
2023,York County,Cambium Networks,3685.48,1,3685.48,Needs Nurture
2023,Zentro,SIAE,142187.92,3,47395.97333333333,Champions
2023,showPRO,Sierra Wireless,1786.37,1,1786.37,One-time/Low Value
2024,3 River Signs,Sierra Wireless,350.0,1,350.0,One-time/Low Value
2024,"ACES American Control and Engineering Service, Inc.",Sierra Wireless,1092.27,1,1092.27,One-time/Low Value
2024,ACT,Cambium Networks,22000.64,2,11000.32,Loyal
2024,ACT,Ceragon Networks,1820.62,2,910.31,Loyal
2024,AD Security,Sierra Wireless,2660.48,1,2660.48,Needs Nurture
2024,AECOM,Sierra Wireless,1740.11,1,1740.11,One-time/Low Value
2024,AEP Texas,Sierra Wireless,1117.5,1,1117.5,One-time/Low Value
2024,APT Water,Sierra Wireless,100.0,1,100.0,One-time/Low Value
2024,ATI Flat Rolled Products,Celona,163092.84,5,32618.568,Champions
2024,ATI Flat Rolled Products,Cradlepoint,629.39,1,629.39,Promising/New
2024,ATI Flat Rolled Products,Other,135208.35,2,67604.17499999999,Big Spenders
2024,ATI Flat Rolled Products,Professional Services,52751.59,2,26375.795,At Risk
2024,ATI Flat Rolled Products,Use Cases,174.4,1,174.4,One-time/Low Value
2024,ATN International,Cambium Networks,70581.0,2,35290.5,Big Spenders
2024,ATN International,Ciena,142841.34,5,28568.268,Big Spenders
2024,ATN International,Other,9765.3,2,4882.65,At Risk
2024,AVFuel Corp,Sierra Wireless,2064.29,1,2064.29,Promising/New
2024,Abarta Coca-Cola,Sierra Wireless,1438.18,2,719.09,Loyal
2024,"Accel Communications, Inc",Sierra Wireless,365.49,1,365.49,One-time/Low Value
2024,Aclara - Hubbell Inc,Sierra Wireless,11180.93,3,3726.976666666667,Champions
2024,Action Communications,Sierra Wireless,219.32,1,219.32,One-time/Low Value
2024,Akila,Peplink,5950.0,1,5950.0,Promising/New
2024,Algonquin Power,Sierra Wireless,1301.18,1,1301.18,One-time/Low Value
2024,All Electric,Sierra Wireless,1629.78,1,1629.78,One-time/Low Value
2024,All Phase Electric,Sierra Wireless,674.39,1,674.39,One-time/Low Value
2024,"Allied Control Services, Inc.",Sierra Wireless,24863.63,3,8287.876666666667,Champions
2024,Alpine Fund,Sierra Wireless,394.12,1,394.12,Promising/New
2024,American Water,Sierra Wireless,22198.0,2,11099.0,Big Spenders
2024,American Water Military Service  Group,Sierra Wireless,3782.07,2,1891.035,Needs Nurture
2024,Ampirical,Sierra Wireless,9132.32,1,9132.32,Needs Nurture
2024,Amscot - The Money Superstore,Other,2928.97,2,1464.485,Needs Nurture
2024,Amtrak,Sierra Wireless,2557.65,1,2557.65,Needs Nurture
2024,Apergy - ChampionX,Other,17097.0,1,17097.0,Needs Nurture
2024,Apergy - ChampionX,Sierra Wireless,196680.5,7,28097.21428571429,Champions
2024,Applied Connective,Sierra Wireless,471.15,1,471.15,One-time/Low Value
2024,Arizona DOT,Sierra Wireless,2397.5,1,2397.5,Needs Nurture
2024,Arrowhead Automation,Sierra Wireless,1862.49,1,1862.49,One-time/Low Value
2024,Artesian Water,Sierra Wireless,2836.0,1,2836.0,Needs Nurture
2024,Ashtontek,Celona,3003038.23,1,3003038.23,Big Spenders
2024,Atlantic Veterinary Hospital,Peplink,281.18,1,281.18,One-time/Low Value
2024,"Automated Control Concepts, Inc./ Inflexion Point",Sierra Wireless,15131.9,7,2161.7,Champions
2024,Automated Control Service,Sierra Wireless,3897.6,1,3897.6,Needs Nurture
2024,Avarisource,Ericsson,2823530.4,1,2823530.4,Big Spenders
2024,Avery Dennison,Sierra Wireless,924.39,1,924.39,One-time/Low Value
2024,Baack Controls,Sierra Wireless,1004.37,1,1004.37,One-time/Low Value
2024,Beavertails Food Truck Co.,Peplink,476.19,1,476.19,One-time/Low Value
2024,Beck Tech,Sierra Wireless,44128.93,2,22064.465,Big Spenders
2024,BlackHawk Datacom,Ceragon Networks,1525.0,1,1525.0,One-time/Low Value
2024,Bluebonnet Electric Cooperative,Sierra Wireless,13732.6,2,6866.3,At Risk
2024,Boissonneault Electric Corp,Sierra Wireless,647.55,1,647.55,One-time/Low Value
2024,Boldyn Networks,Cambium Networks,17784.55,1,17784.55,Big Spenders
2024,Borough of Chambersburg,Sierra Wireless,30.0,1,30.0,One-time/Low Value
2024,Braun Ambulances,Sierra Wireless,1008.24,1,1008.24,One-time/Low Value
2024,Britt Rice Electric,Sierra Wireless,2799.66,1,2799.66,Promising/New
2024,Budget Mentor,Sierra Wireless,4583.53,1,4583.53,Needs Nurture
2024,Built Systems,Sierra Wireless,897.01,1,897.01,One-time/Low Value
2024,CEC Controls - Wood PLC,Sierra Wireless,36261.16,1,36261.16,Needs Nurture
2024,CM3 Building Solutions,Sierra Wireless,5037.2,1,5037.2,Needs Nurture
2024,CSX,Cambium Networks,99907.74,9,11100.86,Champions
2024,CSX,Sierra Wireless,16312.5,1,16312.5,Big Spenders
2024,"Cable Associates, Inc",Sierra Wireless,650.61,1,650.61,One-time/Low Value
2024,California American Water,Sierra Wireless,24173.7,8,3021.7125,Champions
2024,Cambridge International Services,Cambium Networks,126557.41,1,126557.41,Big Spenders
2024,Capitol Technology University ALPHA Observatory,Sierra Wireless,453.24,1,453.24,One-time/Low Value
2024,Champion X,Other,6074.0,1,6074.0,Needs Nurture
2024,Chevron,Sierra Wireless,25000.0,1,25000.0,Big Spenders
2024,Chicago Building Services,Sierra Wireless,862.84,1,862.84,One-time/Low Value
2024,City of Escanaba,Sierra Wireless,1451.54,1,1451.54,One-time/Low Value
2024,City of Lewisville,Other,1285365.8,1,1285365.8,Needs Nurture
2024,City of Poquoson,Sierra Wireless,1623.47,1,1623.47,One-time/Low Value
2024,City of Rock hill,Sierra Wireless,300.0,1,300.0,One-time/Low Value
2024,City of Vernon,Sierra Wireless,4325.0,2,2162.5,Loyal
2024,Clackamas County Water Environment Services,Sierra Wireless,4561.67,1,4561.67,Needs Nurture
2024,Clarity SSU,Sierra Wireless,516.92,1,516.92,One-time/Low Value
2024,Cleveland Utilities,Sierra Wireless,3118.08,2,1559.04,Loyal
2024,Coastal Conversions,Sierra Wireless,1042.19,1,1042.19,Promising/New
2024,Cole Engineering Services/By-Light,Nokia,14400.0,2,7200.0,At Risk
2024,Cole Engineering Services/By-Light,Other,44466.75,1,44466.75,Needs Nurture
2024,Collins Aerospace,Other,5000.0,1,5000.0,Needs Nurture
2024,Commnet Broadband,Ciena,2293.54,1,2293.54,Promising/New
2024,Commnet Broadband,Other,49595.25,1,49595.25,Big Spenders
2024,Complete Control Services,Sierra Wireless,12961.2,6,2160.2,Champions
2024,ConnectSmart Systems,Peplink,705.88,1,705.88,One-time/Low Value
2024,Conoco Phillips,Other,105500.0,2,52750.0,Loyal
2024,Conrail,Sierra Wireless,2500.0,1,2500.0,Needs Nurture
2024,Consolidated Electrical Distributors,Sierra Wireless,1301.18,1,1301.18,One-time/Low Value
2024,ConstructCams,Sierra Wireless,5190.0,2,2595.0,Loyal
2024,"Constructure Technologies, Inc",Sierra Wireless,1305.6,3,435.2,At Risk
2024,"Continental Resources, Inc.",Cambium Networks,110000.0,2,55000.0,Loyal
2024,"Control Design, Inc.",Sierra Wireless,17344.0,1,17344.0,Big Spenders
2024,Control Systems NW,Sierra Wireless,13951.02,9,1550.113333333334,Champions
2024,Control Systems Technology,Sierra Wireless,148.39,1,148.39,One-time/Low Value
2024,Cooks Communications,Sierra Wireless,2777.29,2,1388.645,Loyal
2024,Cooperative Energy,Sierra Wireless,22124.33,6,3687.388333333334,Champions
2024,Corning Inc.,Sierra Wireless,902.44,1,902.44,Promising/New
2024,Cox,Cambium Networks,104777.21,10,10477.721,Champions
2024,Cox,Other,20876.55,2,10438.275,At Risk
2024,Craictek,Sierra Wireless,9758.85,1,9758.85,Big Spenders
2024,Crawford Electric,Cradlepoint,2341.66,1,2341.66,Needs Nurture
2024,Crawford Electric,Sierra Wireless,7275.02,1,7275.02,Needs Nurture
2024,CrossCountry Freight Solutions,Sierra Wireless,369.79,1,369.79,One-time/Low Value
2024,Custom Machine Controls,Sierra Wireless,795.31,1,795.31,One-time/Low Value
2024,Customized Energy Solutions,Sierra Wireless,4020.0,3,1340.0,At Risk
2024,DC Department of Energy and Environment,Sierra Wireless,848.011,1,848.011,One-time/Low Value
2024,DCB Elevator,Sierra Wireless,1000.0,1,1000.0,Promising/New
2024,DKS Associates,Sierra Wireless,1032.53,1,1032.53,Promising/New
2024,DSC Communications,Sierra Wireless,700.0,1,700.0,Promising/New
2024,Darke County Sheriff,Sierra Wireless,34380.63,1,34380.63,Needs Nurture
2024,Delaware Electric CO-OP,Sierra Wireless,100.0,2,50.0,At Risk
2024,"Delta Services, LLC",Sierra Wireless,955.7,1,955.7,One-time/Low Value
2024,Desert Ready Mix,Sierra Wireless,500.0,1,500.0,One-time/Low Value
2024,Design Solutions & Integration,Sierra Wireless,761.18,1,761.18,Promising/New
2024,Dixie Electric,Other,625.0,1,625.0,One-time/Low Value
2024,Dole Fresh Vegetables,Sierra Wireless,833.72,1,833.72,One-time/Low Value
2024,Dynamic Automation LTD.,Sierra Wireless,377.03,2,188.515,Loyal
2024,EQT,Sierra Wireless,118180.45,11,10743.67727272727,Champions
2024,"ETS - Engineering & Testing Services, Inc.",Sierra Wireless,5204.88,4,1301.22,Loyal
2024,EarthRes,Sierra Wireless,5420.0,1,5420.0,Needs Nurture
2024,"East Carolina Communications,LLC",Cradlepoint,3795.2,1,3795.2,Needs Nurture
2024,East Kentucky Power Cooperative,Sierra Wireless,11344.0,1,11344.0,Big Spenders
2024,Electronic Security Corporation,Peplink,780.35,1,780.35,One-time/Low Value
2024,Electronic Security Corporation,Sierra Wireless,1821.97,4,455.4925,Loyal
2024,Empire USA,Sierra Wireless,34085.81,1,34085.81,Needs Nurture
2024,Energy Transfer Partners,Cambium Networks,1000000.0,1,1000000.0,Needs Nurture
2024,Energy Transfer Partners,Other,2454.0,1,2454.0,Promising/New
2024,Energy Transfer Partners,Sierra Wireless,50000.0,1,50000.0,Needs Nurture
2024,Enlink,Sierra Wireless,17617.5,18,978.75,Champions
2024,Enterprise Products,GE,7668.35,1,7668.35,Big Spenders
2024,Entrust,Sierra Wireless,828.67,1,828.67,One-time/Low Value
2024,EpiSci,Sierra Wireless,10177.82,3,3392.606666666667,At Risk
2024,Equitrans Midstream,Sierra Wireless,289168.19,5,57833.638,Big Spenders
2024,"Erdman Video Systems, Inc.",Sierra Wireless,1700.0,1,1700.0,One-time/Low Value
2024,Essex County Office of Emergency Services,Sierra Wireless,16093.72,4,4023.43,Champions
2024,Evans Electric Service,Sierra Wireless,500.0,1,500.0,One-time/Low Value
2024,Exelon,Other,418.06,1,418.06,Promising/New
2024,Exelon,Sierra Wireless,786441.52,12,65536.79333333333,Champions
2024,Exelon - Delmarva,Sierra Wireless,3398.28,1,3398.28,Needs Nurture
2024,Exxon Mobil,Cambium Networks,18204.33,2,9102.165,Loyal
2024,FNA Inc,Sierra Wireless,8689.97,1,8689.97,Big Spenders
2024,Fermilab,Sierra Wireless,841.9,1,841.9,One-time/Low Value
2024,Fiero Automation - Hartfiel,Sierra Wireless,31081.82,5,6216.364,Champions
2024,Fischer Block,Sierra Wireless,2338.56,1,2338.56,Promising/New
2024,Fleaux Services,Peplink,3500.0,1,3500.0,Promising/New
2024,Fleaux Services,Sierra Wireless,12606.09,7,1800.87,Champions
2024,Fletcher Industries,Sierra Wireless,40640.74,4,10160.185,Champions
2024,Floor and Decor,Ericsson,25000.2,1,25000.2,Big Spenders
2024,Floor and Decor,Other,591.43,1,591.43,One-time/Low Value
2024,Future Technologies Innovations LLC,Cambium Networks,9154.0,1,9154.0,Big Spenders
2024,Future Technologies Innovations LLC,Ciena,260288.65,3,86762.88333333333,Champions
2024,Future Technologies Innovations LLC,Nokia,2633609.47,12,219467.4558333333,Champions
2024,Future Technologies Innovations LLC,Other,420126.26,2,210063.13,Loyal
2024,Future Technologies Innovations LLC,Use Cases,47630.94,3,15876.98,Champions
2024,G&C Optimization,Sierra Wireless,76782.72,1,76782.72,Needs Nurture
2024,GE Verona,Professional Services,13257.26,1,13257.26,Big Spenders
2024,GFL Defense,Sierra Wireless,12838.84,1,12838.84,Big Spenders
2024,GT&T,Other,6093.88,1,6093.88,Needs Nurture
2024,Garver,Sierra Wireless,1703.3,1,1703.3,One-time/Low Value
2024,George E. Booth Company,Other,2289.94,3,763.3133333333334,Loyal
2024,George E. Booth Company,Sierra Wireless,5684.28,5,1136.856,Loyal
2024,Global Capital Network,Sierra Wireless,2591.73,2,1295.865,At Risk
2024,Globalgig,Sierra Wireless,496.32,1,496.32,One-time/Low Value
2024,Gogo Inflight,Ceragon Networks,29070.2,4,7267.55,Big Spenders
2024,Gogo Inflight,Other,2025.0,2,1012.5,At Risk
2024,Gogo Inflight,Professional Services,1900.0,1,1900.0,One-time/Low Value
2024,Goodyear Tire,Sierra Wireless,940.48,1,940.48,Promising/New
2024,Graybar Electric,Sierra Wireless,2350.8,2,1175.4,Loyal
2024,Graybill Inc. (Alliant Energy),Sierra Wireless,53761.4,1,53761.4,Needs Nurture
2024,Greece Police,Sierra Wireless,1543.94,1,1543.94,One-time/Low Value
2024,Groveport Police Department,Sierra Wireless,4838.91,1,4838.91,Promising/New
2024,H&H Door Company Inc.,Sierra Wireless,1857.8,2,928.9,At Risk
2024,HMV Group,Sierra Wireless,2151.75,2,1075.875,At Risk
2024,Hardin Medical Center,Sierra Wireless,932.12,2,466.06,Loyal
2024,Hawaii American Water,Sierra Wireless,1598.4,1,1598.4,One-time/Low Value
2024,Hilcorp,Sierra Wireless,137417.0,2,68708.5,At Risk
2024,Holiday Process Solutions,Sierra Wireless,6525.0,1,6525.0,Needs Nurture
2024,Hubbell Inc,Sierra Wireless,762.73,1,762.73,Promising/New
2024,Hudson Fire Department,Sierra Wireless,891.57,1,891.57,Promising/New
2024,"HydroGeoLogic, Inc",Sierra Wireless,1187.69,1,1187.69,One-time/Low Value
2024,Hyster-Yale Materials Handling,Sierra Wireless,40000.0,1,40000.0,Big Spenders
2024,ICA Engineering,Sierra Wireless,2397.6,3,799.2000000000002,Loyal
2024,IP Systems,Sierra Wireless,993.2,1,993.2,One-time/Low Value
2024,Idemia,Sierra Wireless,89790.8,4,22447.7,Big Spenders
2024,Identisys,Sierra Wireless,10753.05,1,10753.05,Needs Nurture
2024,Illinois American Water,Sierra Wireless,202179.39,19,10641.02052631579,Champions
2024,InDyne,Cambium Networks,33421.79,1,33421.79,Needs Nurture
2024,Indeck Power Equipment Company,Sierra Wireless,9376.56,7,1339.508571428571,Champions
2024,Indiana American Water,Sierra Wireless,37007.47,11,3364.315454545454,Champions
2024,Information Station Specialists,Sierra Wireless,676.92,1,676.92,One-time/Low Value
2024,Intuitive Research and Technology Corporation,Use Cases,5127.48,1,5127.48,Needs Nurture
2024,Iowa American Water,Sierra Wireless,5594.4,1,5594.4,Promising/New
2024,Irby Utilities,Other,5074.360000000001,4,1268.59,Needs Nurture
2024,Irby Utilities,Sierra Wireless,382340.0,3,127446.6666666667,Big Spenders
2024,J&M Security Solutions,Sierra Wireless,656422.2,3,218807.4,At Risk
2024,JScource,Sierra Wireless,1000.0,1,1000.0,One-time/Low Value
2024,Jaguar and Land Rover Dealer,Sierra Wireless,900.0,1,900.0,One-time/Low Value
2024,John's Hopkins University,Sierra Wireless,5722.29,1,5722.29,Needs Nurture
2024,Johnson & Johnson,Use Cases,12352.94,1,12352.94,Needs Nurture
2024,Johnson Barrow Controls,Sierra Wireless,903.48,1,903.48,Promising/New
2024,KYTC,Cambium Networks,10000.0,1,10000.0,Needs Nurture
2024,KYTC,Other,3772.6,5,754.52,Needs Nurture
2024,KYTC,Sierra Wireless,497649.48,16,31103.0925,Champions
2024,Kenergy,Cambium Networks,8677.4,1,8677.4,Needs Nurture
2024,Kennedy Industries,Sierra Wireless,1559.04,1,1559.04,Promising/New
2024,Kentucky American Water,Sierra Wireless,799.2,1,799.2,One-time/Low Value
2024,Kit Communications,Sierra Wireless,1000.0,1,1000.0,One-time/Low Value
2024,Kredit Automation & Controls,Sierra Wireless,850.36,1,850.36,Promising/New
2024,Kyndryl,Other,18731.25,1,18731.25,Needs Nurture
2024,L&L Electrical,Sierra Wireless,1261.5,1,1261.5,One-time/Low Value
2024,Las Cruces,Sierra Wireless,1511.18,1,1511.18,One-time/Low Value
2024,Lighthouse Electric,Sierra Wireless,4785.4,1,4785.4,Needs Nurture
2024,Lightsource BP,Sierra Wireless,1647.15,1,1647.15,One-time/Low Value
2024,Loss Prevention Research,Sierra Wireless,440.77,1,440.77,One-time/Low Value
2024,Lower Colorado River Authority,Sierra Wireless,50000.0,1,50000.0,Big Spenders
2024,Lucid Trades,Sierra Wireless,3135.3,1,3135.3,Needs Nurture
2024,Lufthansa,Ericsson,44972.87,2,22486.435,Loyal
2024,Lumin8,Other,472.65,1,472.65,Promising/New
2024,Lumin8,Sierra Wireless,2514.44,2,1257.22,Loyal
2024,M&F Mobiles Services LLC (Repair Man),Sierra Wireless,1753.79,1,1753.79,One-time/Low Value
2024,Maher Terminal Port Elizabeth,Nokia,807.63,1,807.63,One-time/Low Value
2024,Maher Terminal Port Elizabeth,Use Cases,13383.35,3,4461.116666666667,Champions
2024,Maple Cove Camp,Sierra Wireless,1810.38,1,1810.38,One-time/Low Value
2024,Maxim Automation,Sierra Wireless,37999.6,14,2714.257142857143,Champions
2024,McEnery Automation,Sierra Wireless,1278.75,1,1278.75,One-time/Low Value
2024,Miami International Airport,Nokia,6627012.47,7,946716.0671428572,Champions
2024,Miami International Airport,Use Cases,21387.1,2,10693.55,Loyal
2024,Micro Enterprise NJ,Other,866.08,1,866.08,One-time/Low Value
2024,Micro Enterprise NJ,Sierra Wireless,4388.42,4,1097.105,Loyal
2024,Midwest Tractor Sales,Sierra Wireless,862.27,1,862.27,Promising/New
2024,Millersburg Information System,Sierra Wireless,2783.1,1,2783.1,Needs Nurture
2024,Mirapath,Sierra Wireless,1368.3,1,1368.3,One-time/Low Value
2024,Missouri American Water,Other,442.38,2,221.19,Loyal
2024,Missouri American Water,Sierra Wireless,47421.05,15,3161.403333333334,Champions
2024,Mon Valley Integration,Sierra Wireless,8393.93,10,839.393,Champions
2024,Monte Vista Water District,Sierra Wireless,3581.84,1,3581.84,Needs Nurture
2024,Monumental Sports,Cambium Networks,59123.26,1,59123.26,Big Spenders
2024,Motion AI,Sierra Wireless,703.39,1,703.39,One-time/Low Value
2024,NH DOT,Sierra Wireless,1326.0,1,1326.0,One-time/Low Value
2024,NJ American Water,Sierra Wireless,171564.0,14,12254.57142857143,Champions
2024,NMTS New Mexico Tech Seismological Observatory,Sierra Wireless,1554.14,1,1554.14,Promising/New
2024,NSG,Sierra Wireless,816.55,1,816.55,One-time/Low Value
2024,Nationwide Security Corporation,Sierra Wireless,1004.59,1,1004.59,One-time/Low Value
2024,Nerds on Standby Inc,Peplink,1718.54,2,859.27,Loyal
2024,Network Builders IT,Sierra Wireless,719.09,1,719.09,Promising/New
2024,New Hampshire Electric,Sierra Wireless,3044.72,1,3044.72,Needs Nurture
2024,Nomad Solutions/Apex,Cambium Networks,238499.592,5,47699.9184,Big Spenders
2024,Norfolk Southern,Cambium Networks,362608.25,22,16482.19318181818,Champions
2024,Norfolk Southern,Other,5000.0,1,5000.0,Needs Nurture
2024,"North Shore Energy, LLC",Other,153.63,1,153.63,One-time/Low Value
2024,Northeast Sammamish Sewer and Water District,Sierra Wireless,1877.1,1,1877.1,One-time/Low Value
2024,Northrop Grumman,Cambium Networks,723482.03,2,361741.015,At Risk
2024,Occidental Petroleum,Cambium Networks,659237.83,31,21265.73645161291,Champions
2024,Occidental Petroleum,Cradlepoint,3895.52,2,1947.76,Loyal
2024,Occidental Petroleum,Other,195270.5,12,16272.54166666667,Champions
2024,Occidental Petroleum,Peplink,13951.82,1,13951.82,Needs Nurture
2024,Occidental Petroleum,Professional Services,3400.86,2,1700.43,Loyal
2024,Occidental Petroleum,Site Infrastructure,12226.35,2,6113.175,At Risk
2024,Occidental Petroleum,Use Cases,303182.09,4,75795.52249999999,At Risk
2024,Omega International,Other,2103.66,1,2103.66,Promising/New
2024,Orenda,Other,10175.17,2,5087.585,Big Spenders
2024,Owen Electric,Sierra Wireless,7050.0,1,7050.0,Needs Nurture
2024,PA American Water,Sierra Wireless,65815.54000000001,17,3871.502352941177,Champions
2024,"PRATT & WHITNEY ENGINE SERVICES, INC. (Vallen)",Sierra Wireless,1443.9,1,1443.9,One-time/Low Value
2024,PS Electric LLC,Sierra Wireless,9495.58,2,4747.79,Big Spenders
2024,Parsons,Sierra Wireless,1777.63,1,1777.63,One-time/Low Value
2024,Patti Engineering,Sierra Wireless,942.8,1,942.8,One-time/Low Value
2024,Pearce Bertram +,Sierra Wireless,24566.0,1,24566.0,Needs Nurture
2024,Pedro Performance Car Racing,Site Development,150.0,1,150.0,Promising/New
2024,Perceptive Controls,Cradlepoint,555.1,1,555.1,Promising/New
2024,Perceptive Controls,Other,3866.91,2,1933.455,Needs Nurture
2024,Perceptive Controls,Sierra Wireless,19974.55,12,1664.545833333333,Champions
2024,Pertech,Other,140.58,1,140.58,One-time/Low Value
2024,Pertech,Sierra Wireless,150.0,1,150.0,One-time/Low Value
2024,Petra Consultants,Sierra Wireless,2338.56,1,2338.56,Needs Nurture
2024,"Phillips Southern Electric Co., Inc.",Sierra Wireless,13038.8,3,4346.266666666666,At Risk
2024,Phoenix Contact Development,Sierra Wireless,5017.0,1,5017.0,Needs Nurture
2024,Phoenix System,Sierra Wireless,4641.28,1,4641.28,Promising/New
2024,Piedmont Automation,Sierra Wireless,17550.0,3,5850.0,Big Spenders
2024,Pioneer Cellular,Sierra Wireless,53540.75,3,17846.91666666667,Champions
2024,Powershare Energy Cooperative,Sierra Wireless,684.74,1,684.74,One-time/Low Value
2024,Powersouth Energy Cooperative,Cambium Networks,44736.98,4,11184.245,Champions
2024,Powersouth Energy Cooperative,Sierra Wireless,552.96,1,552.96,Promising/New
2024,"Preserving Our Georgia Cemeteries, LLC",Sierra Wireless,549.42,1,549.42,One-time/Low Value
2024,QSI Companies,Sierra Wireless,650.59,1,650.59,One-time/Low Value
2024,"QX Networking & Design, Inc.",Cambium Networks,3156.26,1,3156.26,Needs Nurture
2024,"Quality Controls, Inc.",Sierra Wireless,2713.01,4,678.2525,Loyal
2024,RBO Technology,Sierra Wireless,1424.21,1,1424.21,Promising/New
2024,Ranger Excavating,Sierra Wireless,120.0,1,120.0,One-time/Low Value
2024,Rathbun Regional Water Association,Sierra Wireless,11715.0,2,5857.5,Loyal
2024,Redline Telecom,Cambium Networks,7669.93,2,3834.965,Loyal
2024,Reliance Test & Technology (Formerly InDyne) Eglin,Cambium Networks,74954.87,2,37477.435,Big Spenders
2024,Remote Camera Systems,Sierra Wireless,800.0,1,800.0,Promising/New
2024,Revere Control (AW),Sierra Wireless,799.2,1,799.2,One-time/Low Value
2024,Rock Springs High School FB,Sierra Wireless,1000.0,1,1000.0,Promising/New
2024,Rocket Technologies,Sierra Wireless,932.09,1,932.09,One-time/Low Value
2024,"Rohde & Schwarz USA, Inc.",Other,17579.6,2,8789.8,Big Spenders
2024,Russell Pacific,Sierra Wireless,4788.25,1,4788.25,Promising/New
2024,"SCS Engineers Stearns, Conrad and Schmidt Consulting Engineers, Inc",Sierra Wireless,3804.86,1,3804.86,Needs Nurture
2024,SENSIA LLC,Site Development,826.51,1,826.51,One-time/Low Value
2024,SSi Canada,Use Cases,653.94,1,653.94,Promising/New
2024,Sage Integration,Sierra Wireless,466.61,1,466.61,One-time/Low Value
2024,Santee Cooper,Cambium Networks,57437.14,3,19145.71333333333,Champions
2024,Scout Motors,Sierra Wireless,3150.36,1,3150.36,Promising/New
2024,Security 101,Sierra Wireless,5067.43,2,2533.715,At Risk
2024,Serco,Cambium Networks,34504.88,1,34504.88,Big Spenders
2024,Setton Farms,Sierra Wireless,764.75,1,764.75,One-time/Low Value
2024,Shenandoah Valley Electric CO-OP,Cambium Networks,11869.68,3,3956.56,Big Spenders
2024,Shenandoah Valley Electric CO-OP,Other,1527.9,1,1527.9,Promising/New
2024,Shenandoah Valley Electric CO-OP,Sierra Wireless,10810.7,2,5405.35,Loyal
2024,Shenandoah Valley Electric CO-OP,Site Development,28928.61,1,28928.61,Big Spenders
2024,Sign Plus,Sierra Wireless,29705.96,3,9901.986666666666,Champions
2024,Sita,Cradlepoint,111113.28,1,111113.28,Needs Nurture
2024,"Solar Technology, Inc.",Sierra Wireless,32500.0,1,32500.0,Needs Nurture
2024,Sonavex,Sierra Wireless,1945.85,1,1945.85,One-time/Low Value
2024,South Florida Water management district,Cambium Networks,10000.0,1,10000.0,Needs Nurture
2024,Southern Company,Cambium Networks,13206.64,4,3301.66,Champions
2024,Specialist Commercial Solutions,Cradlepoint,831.6,1,831.6,Promising/New
2024,Spirit Global,Other,6220.5,1,6220.5,Needs Nurture
2024,State Tractor,Sierra Wireless,49187.4,1,49187.4,Big Spenders
2024,Summerwood Corporation,Sierra Wireless,7420.38,1,7420.38,Needs Nurture
2024,Summit Utilities,Sierra Wireless,141784.2,5,28356.84,Big Spenders
2024,T and C Stamping,Peplink,1053.48,1,1053.48,One-time/Low Value
2024,TICO Technical,Sierra Wireless,855.6,1,855.6,One-time/Low Value
2024,TID Water and Power  Turlock Irrigation District,Sierra Wireless,9301.62,3,3100.54,Champions
2024,"TRI-R Systems, Inc",Sierra Wireless,16804.8,3,5601.599999999999,Champions
2024,Tallgrass Energy,Other,345146.55,2,172573.275,Big Spenders
2024,Techneaux,Sierra Wireless,696.47,1,696.47,Promising/New
2024,Tecore Networks,Other,60000.0,1,60000.0,Needs Nurture
2024,Tecore Networks,Site Infrastructure,1000000.0,1,1000000.0,Needs Nurture
2024,"Tectonic Engineering Consultants, Geologists & Surveying DCP",Sierra Wireless,750.0,1,750.0,One-time/Low Value
2024,Telus,Advisory Services,34504.88,1,34504.88,Needs Nurture
2024,Tennessee Valley Authority,Other,635.55,1,635.55,One-time/Low Value
2024,Tennessee Valley Authority,Sierra Wireless,8376.8,3,2792.266666666666,Big Spenders
2024,Texas Electric Coop,Sierra Wireless,27125.0,2,13562.5,Loyal
2024,"The Ritz-Carlton Residences, Inner Harbor, Baltimore",Use Cases,37848.0,1,37848.0,Needs Nurture
2024,The York Water Company,Sierra Wireless,2749.41,1,2749.41,Needs Nurture
2024,Thiele Kaolin Company,Cambium Networks,3351.47,5,670.2940000000001,Needs Nurture
2024,Tisch Environmental,Sierra Wireless,1431.4,1,1431.4,One-time/Low Value
2024,Today's Power,Sierra Wireless,11788.16,2,5894.08,At Risk
2024,Town & Country Group,Sierra Wireless,483.69,1,483.69,Promising/New
2024,Town of Frisco,Sierra Wireless,1183.78,1,1183.78,One-time/Low Value
2024,"Traffic Control Product, Inc.",Sierra Wireless,1211.11,1,1211.11,One-time/Low Value
2024,Trakka Systems,Sierra Wireless,3906.9,1,3906.9,Needs Nurture
2024,Trans Terra,Sierra Wireless,2723.25,1,2723.25,Promising/New
2024,Tri-County Electric Coop.,Cradlepoint,3519.87,1,3519.87,Needs Nurture
2024,Tri-County Electric Coop.,Sierra Wireless,2016.48,1,2016.48,One-time/Low Value
2024,Triton Systems,Sierra Wireless,1673.18,1,1673.18,Promising/New
2024,Truckee Meadows Water Authority,Sierra Wireless,2970.0,1,2970.0,Promising/New
2024,UGI Utilities,Sierra Wireless,31556.62,13,2427.432307692307,Champions
2024,UNIVERSITY of NEBRASKA â€“ LINCOLN,Sierra Wireless,542.07,1,542.07,One-time/Low Value
2024,US Army,Cambium Networks,426808.54,2,213404.27,At Risk
2024,US Army,Nokia,8733.76,1,8733.76,Needs Nurture
2024,US Navy - NFEXWC PHE California,Cambium Networks,60000.0,1,60000.0,Big Spenders
2024,Uniti Fiber,Other,11199.84,1,11199.84,Big Spenders
2024,University of Hawaii,Sierra Wireless,1084.72,1,1084.72,One-time/Low Value
2024,VA-KY Communications,Sierra Wireless,19742.36,2,9871.18,At Risk
2024,VLCM,Sierra Wireless,1761.88,2,880.94,Loyal
2024,Valor Outfitters,Sierra Wireless,5722.76,1,5722.76,Promising/New
2024,Vanguard Auto Design,Sierra Wireless,1622.67,1,1622.67,One-time/Low Value
2024,Veolia,Sierra Wireless,650.59,1,650.59,One-time/Low Value
2024,Vermillion Systems,Sierra Wireless,6585.36,1,6585.36,Promising/New
2024,Virginia American Water,Sierra Wireless,4088.18,3,1362.726666666667,Needs Nurture
2024,Vision Security Technologies,Sierra Wireless,12593.0,1,12593.0,Needs Nurture
2024,Vision to Learn,Sierra Wireless,18071.79,2,9035.895,At Risk
2024,Voor Residence,Sierra Wireless,1390.08,1,1390.08,One-time/Low Value
2024,WBA Automation,Sierra Wireless,3080.96,1,3080.96,Needs Nurture
2024,Wachter,Other,12806.35,1,12806.35,Needs Nurture
2024,Wachter,Use Cases,3239.39,2,1619.695,Loyal
2024,We Energies,Sierra Wireless,144997.0,6,24166.16666666667,Champions
2024,West Kentucky Rural Electric,Sierra Wireless,6964.72,1,6964.72,Needs Nurture
2024,West Virginia American Water,Sierra Wireless,179368.15,17,10551.06764705882,Champions
2024,"Western Express, Inc. -",Sierra Wireless,1600.0,1,1600.0,One-time/Low Value
2024,Western Midstream,Cambium Networks,149415.36,13,11493.48923076923,Champions
2024,Western Midstream,Other,3120.09,1,3120.09,Promising/New
2024,WiLine,Ceragon Networks,32251.34,1,32251.34,Big Spenders
2024,Widelity,Sierra Wireless,438.91,1,438.91,One-time/Low Value
2024,Wildflower International,Sierra Wireless,4560.0,1,4560.0,Needs Nurture
2024,Williams Information Technology LLC,Cambium Networks,14713.64,2,7356.82,At Risk
2024,Williams Information Technology LLC,Cradlepoint,3432000.0,1,3432000.0,Big Spenders
2024,Williams Information Technology LLC,Other,110000.0,2,55000.0,Loyal
2024,Williams Information Technology LLC,Sierra Wireless,1036601.94,15,69106.796,Champions
2024,Windhams Tech Firm,Sierra Wireless,118710.0,2,59355.0,At Risk
2024,Wunderlich-Malec Engineering,Sierra Wireless,779.52,1,779.52,Promising/New
2024,XTEC,Sierra Wireless,380.25,2,190.125,Loyal
2024,Yaham Optoelectronics,Sierra Wireless,750.0,1,750.0,One-time/Low Value
2024,York County,Cambium Networks,5643.76,2,2821.88,At Risk
2024,Zentro,SIAE,936151.88,19,49271.15157894737,Champions
2024,Zumtobel Lighting Inc,Sierra Wireless,1327.2,2,663.5999999999999,Loyal
2025,"A Plus Termite Fumigation, Inc.",Sierra Wireless,1613.33,1,1613.33,Promising/New
2025,ACT,Other,1862.35,1,1862.35,One-time/Low Value
2025,AEC Solar,Sierra Wireless,377.67,1,377.67,Promising/New
2025,ATI Flat Rolled Products,Celona,195054.13,4,48763.5325,Champions
2025,ATI Flat Rolled Products,Other,17399.56,1,17399.56,Needs Nurture
2025,ATI Flat Rolled Products,Use Cases,10315.35,2,5157.674999999999,Big Spenders
2025,Acoustic Technology Inc,Sierra Wireless,47474.59,3,15824.86333333334,Champions
2025,Aion Robotics Corportation,Sierra Wireless,1600.0,1,1600.0,One-time/Low Value
2025,All Electric,Sierra Wireless,1629.78,1,1629.78,One-time/Low Value
2025,"Allied Control Services, Inc.",Sierra Wireless,23270.59,11,2115.508181818182,Champions
2025,American Water,Sierra Wireless,799.2,1,799.2,One-time/Low Value
2025,Ampli-fi,Ericsson,150000.0,1,150000.0,Big Spenders
2025,Apergy - ChampionX,Other,12649.0,1,12649.0,Needs Nurture
2025,Apergy - ChampionX,Sierra Wireless,36000.0,2,18000.0,Loyal
2025,Arizona DOT,Sierra Wireless,2905.0,1,2905.0,Needs Nurture
2025,Artesian Water,Sierra Wireless,2987.5,1,2987.5,Needs Nurture
2025,"Automated Control Concepts, Inc./ Inflexion Point",Sierra Wireless,2230.38,1,2230.38,Needs Nurture
2025,Axis Communication,Sierra Wireless,796.62,1,796.62,Promising/New
2025,Baytown Communications,Sierra Wireless,1645.92,1,1645.92,Promising/New
2025,"Blackdragon Networks, LLC",Sierra Wireless,648.0,2,324.0,At Risk
2025,Bluebonnet Electric Cooperative,Sierra Wireless,6885.8,1,6885.8,Needs Nurture
2025,Britt Rice Electric,Sierra Wireless,1376.92,2,688.46,Loyal
2025,Brown Engineers,Sierra Wireless,800.0,1,800.0,One-time/Low Value
2025,CEC Controls,Other,8000.0,1,8000.0,Needs Nurture
2025,CEC Controls,Sierra Wireless,3023.36,1,3023.36,Needs Nurture
2025,CSX,Cambium Networks,190302.25,5,38060.45,Champions
2025,California American Water,Sierra Wireless,78633.6,9,8737.066666666668,Champions
2025,Castlerock Consulting,Sierra Wireless,3041.09,1,3041.09,Promising/New
2025,Castro IT,Sierra Wireless,2029.95,1,2029.95,One-time/Low Value
2025,Champion X,Other,245.73,1,245.73,One-time/Low Value
2025,City of Flushing,Sierra Wireless,995.66,1,995.66,Promising/New
2025,City of Rock hill,Sierra Wireless,300.0,1,300.0,One-time/Low Value
2025,City of Vernon,Sierra Wireless,8650.0,2,4325.0,At Risk
2025,Climatemaster Inc,Sierra Wireless,740.98,1,740.98,One-time/Low Value
2025,Cogar Manufacturing,Sierra Wireless,3018.75,1,3018.75,Needs Nurture
2025,Complete Control Services,Sierra Wireless,663.2,1,663.2,Promising/New
2025,Conrail,Sierra Wireless,13502.5,3,4500.833333333333,At Risk
2025,ConstructCams,Sierra Wireless,4325.0,1,4325.0,Needs Nurture
2025,Control Systems NW,Other,50.0,1,50.0,One-time/Low Value
2025,Control Systems NW,Sierra Wireless,8061.22,5,1612.244,Big Spenders
2025,Control Systems Technology,Sierra Wireless,1626.32,2,813.16,Loyal
2025,Cooperative Energy,Sierra Wireless,15875.0,2,7937.5,At Risk
2025,Cox,Cambium Networks,5435.75,6,905.9583333333334,Needs Nurture
2025,Crowd Strike,Sierra Wireless,1654.18,1,1654.18,One-time/Low Value
2025,DLA Pearl Harbor,Cambium Networks,142799.22,1,142799.22,Needs Nurture
2025,DR Controls,Sierra Wireless,724.39,2,362.195,At Risk
2025,Dalton Utilities - Dutil,Sierra Wireless,1578.04,1,1578.04,One-time/Low Value
2025,Delaware Electric CO-OP,Sierra Wireless,27937.5,1,27937.5,Needs Nurture
2025,Deloitte,Other,1000000.0,1,1000000.0,Needs Nurture
2025,Deloitte,Professional Services,1000000.0,1,1000000.0,Needs Nurture
2025,Dixie Electric,Cambium Networks,17946.91,1,17946.91,Big Spenders
2025,Dominion Energy Transmission,Sierra Wireless,10000.0,1,10000.0,Needs Nurture
2025,Drov Technologies,Other,2672.1,1,2672.1,Needs Nurture
2025,Dynasty Motorcoach LLC,Sierra Wireless,1045.12,1,1045.12,One-time/Low Value
2025,EDRDPC,Sierra Wireless,2752.73,1,2752.73,Promising/New
2025,EQT,Sierra Wireless,101339.42,9,11259.93555555556,Champions
2025,"ETS - Engineering & Testing Services, Inc.",Sierra Wireless,10296.68,5,2059.336,Champions
2025,"East Carolina Communications,LLC",Cradlepoint,6633.4,1,6633.4,Needs Nurture
2025,"East Carolina Communications,LLC",Other,613.8,1,613.8,One-time/Low Value
2025,Electronic Security Corporation,Sierra Wireless,2415.7,4,603.925,Loyal
2025,Elevated Networks,Sierra Wireless,330.91,1,330.91,Promising/New
2025,Energy Transfer Partners,Cambium Networks,66852.77,1,66852.77,Big Spenders
2025,Energy Transfer Partners,GE,55601.39,2,27800.695,At Risk
2025,Enlink,Sierra Wireless,18922.5,21,901.0714285714286,Champions
2025,Enterprise Products,GE,15185.65,10,1518.565,Champions
2025,Enterprise Products,Other,8738.39,2,4369.195,Loyal
2025,Exelon,Sierra Wireless,41464.63,14,2961.759285714285,Champions
2025,Exxon Mobil,Cambium Networks,402432.39,18,22357.355,Champions
2025,Exxon Mobil,Ceragon Networks,3554.67,1,3554.67,Needs Nurture
2025,Exxon Mobil,GE,718290.0,1,718290.0,Needs Nurture
2025,Exxon Mobil,Other,1462.14,1,1462.14,One-time/Low Value
2025,Fiero Automation - Hartfiel,Sierra Wireless,1019.53,1,1019.53,One-time/Low Value
2025,Fleaux Services,Peplink,9449.4,4,2362.35,Big Spenders
2025,Fletcher Industries,Sierra Wireless,26836.99,3,8945.663333333332,Big Spenders
2025,Foundation & Geotechnical Engineering LLC,Sierra Wireless,804.89,1,804.89,One-time/Low Value
2025,Future Technologies Innovations LLC,Cambium Networks,72785.43,7,10397.91857142857,At Risk
2025,Future Technologies Innovations LLC,Nokia,548301.195,6,91383.5325,Champions
2025,Future Technologies Innovations LLC,Other,1013962.16,17,59644.83294117647,Champions
2025,Future Technologies Innovations LLC,Professional Services,243004.2,1,243004.2,Needs Nurture
2025,Future Technologies Innovations LLC,Sierra Wireless,6311.4,1,6311.4,Needs Nurture
2025,Future Technologies Innovations LLC,Site Infrastructure,80307.34,2,40153.67,At Risk
2025,Garces & Garces Cargo Service,Use Cases,2000.0,1,2000.0,Promising/New
2025,George E. Booth Company,Sierra Wireless,916.47,1,916.47,One-time/Low Value
2025,Go Time Digital,Peplink,333.0,1,333.0,One-time/Low Value
2025,"Golden Automation, LLC",Sierra Wireless,730.02,1,730.02,Promising/New
2025,Graybill Inc. (Alliant Energy),Sierra Wireless,24937.0,2,12468.5,Loyal
2025,Green Grid Inc.,Sierra Wireless,2060.92,2,1030.46,Needs Nurture
2025,Groveport Police Department,Sierra Wireless,5134.12,1,5134.12,Promising/New
2025,Hawaii American Water,Sierra Wireless,8856.77,2,4428.385,At Risk
2025,Hexagon Transportation,Sierra Wireless,2894.74,1,2894.74,Promising/New
2025,Hilcorp,GE,3154966.4,2,1577483.2,Loyal
2025,ICA Engineering,Sierra Wireless,1252.93,1,1252.93,One-time/Low Value
2025,ICS Electrical Services,Sierra Wireless,1263.71,1,1263.71,One-time/Low Value
2025,"ISUZU Technical Center of America, Inc.",Sierra Wireless,6091.16,2,3045.58,Loyal
2025,ITC Electrical,Sierra Wireless,3000.0,1,3000.0,Needs Nurture
2025,Idemia,Sierra Wireless,37825.75,1,37825.75,Big Spenders
2025,Illinois American Water,Other,16860.65,2,8430.325,At Risk
2025,Illinois American Water,Sierra Wireless,19434.96,8,2429.37,Champions
2025,Indeck Power Equipment Company,Sierra Wireless,300.0,1,300.0,One-time/Low Value
2025,Indiana American Water,Sierra Wireless,57350.8,8,7168.85,Champions
2025,Indpendent Stave Company,Sierra Wireless,988.9,1,988.9,One-time/Low Value
2025,Inframark,Sierra Wireless,6826.66,3,2275.553333333333,Champions
2025,Iowa American Water,Sierra Wireless,799.2,1,799.2,Promising/New
2025,Irby Utilities,Other,6849.51,3,2283.17,Champions
2025,J&M Security Solutions,Sierra Wireless,4893.92,1,4893.92,Needs Nurture
2025,John's Hopkins University,Sierra Wireless,5722.29,1,5722.29,Promising/New
2025,Joseph P. Mangione JPM Lock & Security,Sierra Wireless,500.0,1,500.0,Promising/New
2025,K6LNI,Sierra Wireless,1608.04,2,804.02,At Risk
2025,KTA Security,Sierra Wireless,1028.91,1,1028.91,One-time/Low Value
2025,KYTC,Other,3792.59,5,758.5179999999999,Needs Nurture
2025,KYTC,Sierra Wireless,552465.02,4,138116.255,Champions
2025,Kays Electric,Sierra Wireless,1480.93,1,1480.93,Promising/New
2025,Keys Energy Services,Sierra Wireless,2665.08,2,1332.54,Needs Nurture
2025,Lake Shore Electric,Sierra Wireless,669.23,1,669.23,Promising/New
2025,Layer 2 Tech,Sierra Wireless,3481.87,1,3481.87,Needs Nurture
2025,Liberty University,Cambium Networks,909.52,1,909.52,Promising/New
2025,Loftus Labs,Sierra Wireless,456.1,1,456.1,One-time/Low Value
2025,MTmajortech,Sierra Wireless,556.03,1,556.03,Promising/New
2025,Mad River Enterprises,Sierra Wireless,1412.69,1,1412.69,Promising/New
2025,Maher Terminal Port Elizabeth,Nokia,298387.57,4,74596.8925,Champions
2025,Maher Terminal Port Elizabeth,Use Cases,84776.17,3,28258.72333333333,At Risk
2025,Maryland American Water,Sierra Wireless,799.2,1,799.2,One-time/Low Value
2025,Maxim Automation,Sierra Wireless,50059.51,9,5562.167777777777,Champions
2025,McEnery Automation,Sierra Wireless,3500.98,1,3500.98,Needs Nurture
2025,Mcnaughton Mckay Electric Co,Sierra Wireless,13917.05,1,13917.05,Big Spenders
2025,MediaQuest Outdoor,Sierra Wireless,750.0,2,375.0,At Risk
2025,Miami International Airport,Nokia,198586.57,3,66195.52333333333,Big Spenders
2025,Miami International Airport,Other,16393.66,2,8196.83,Big Spenders
2025,Midwest Security Services,Sierra Wireless,1504.38,1,1504.38,One-time/Low Value
2025,Missouri American Water,Sierra Wireless,5618.16,3,1872.72,Needs Nurture
2025,Mon Valley Integration,Sierra Wireless,6334.53,8,791.81625,Champions
2025,NH DOT,Sierra Wireless,6692.3,1,6692.3,Needs Nurture
2025,NJ American Water,Sierra Wireless,151329.71,10,15132.971,Champions
2025,NOVEC,Cambium Networks,2849.38,1,2849.38,Needs Nurture
2025,NRG Controls,Sierra Wireless,2875.38,1,2875.38,Promising/New
2025,NSG,Sierra Wireless,779.52,1,779.52,One-time/Low Value
2025,Navistar,Sierra Wireless,1119.56,2,559.78,At Risk
2025,Nazari Capital,Other,22500.0,1,22500.0,Big Spenders
2025,Nerds on Standby Inc,Peplink,2523.8,1,2523.8,Needs Nurture
2025,Norfolk Southern,Cambium Networks,38406.46,11,3491.496363636364,Champions
2025,Oak Ridge National Lab,Sierra Wireless,820.63,1,820.63,One-time/Low Value
2025,Occidental Petroleum,Cambium Networks,1628179.67,19,85693.66684210527,Champions
2025,Occidental Petroleum,Cradlepoint,379481.62,8,47435.2025,Champions
2025,Occidental Petroleum,Ericsson,207145.31,7,29592.18714285714,Champions
2025,Occidental Petroleum,GE,1003476.3,7,143353.7571428572,At Risk
2025,Occidental Petroleum,Other,265931.86,11,24175.62363636363,Champions
2025,Occidental Petroleum,Sierra Wireless,2529.98,1,2529.98,Needs Nurture
2025,Occidental Petroleum,Site Infrastructure,733598.35,15,48906.55666666666,Champions
2025,Occidental Petroleum,Use Cases,192689.54,11,17517.23090909091,Champions
2025,Ohio Valley Electrical Services,Sierra Wireless,813.83,1,813.83,One-time/Low Value
2025,Optra Ventures,Sierra Wireless,766.0,1,766.0,One-time/Low Value
2025,Orenda,Other,321.69,1,321.69,One-time/Low Value
2025,Owen Electric,Sierra Wireless,29488.43,1,29488.43,Big Spenders
2025,PA American Water,Sierra Wireless,211060.77,73,2891.243424657534,Champions
2025,Paladin Technologies,Cradlepoint,1000.0,1,1000.0,One-time/Low Value
2025,Paladin Technologies,Sierra Wireless,483.69,1,483.69,One-time/Low Value
2025,Perceptive Controls,Cradlepoint,1117.3,2,558.65,Needs Nurture
2025,Perceptive Controls,Sierra Wireless,5109.05,3,1703.016666666667,Needs Nurture
2025,"Phillips Southern Electric Co., Inc.",Sierra Wireless,3452.66,3,1150.886666666666,Loyal
2025,Piedmont Automation,Sierra Wireless,1462.5,2,731.25,Loyal
2025,Powersouth Energy Cooperative,Cambium Networks,41684.19,7,5954.884285714286,Champions
2025,Powersouth Energy Cooperative,Other,993.6,1,993.6,One-time/Low Value
2025,ProTech Security,Sierra Wireless,464.56,1,464.56,Promising/New
2025,Process Solutions Integration,GE,5368.92,1,5368.92,Needs Nurture
2025,Proline Technology,Sierra Wireless,666.8399999999999,3,222.28,Needs Nurture
2025,Ramboll,Sierra Wireless,2903.58,1,2903.58,Promising/New
2025,Rappahannock Electric Cooperative,Sierra Wireless,115788.25,1,115788.25,Big Spenders
2025,Reading Truck,Sierra Wireless,1414.02,1,1414.02,Promising/New
2025,Reworld,Sierra Wireless,1283.66,1,1283.66,One-time/Low Value
2025,Rockwell Automation,Nokia,5887.5,1,5887.5,Promising/New
2025,Rosewood Consulting,Sierra Wireless,7820.07,5,1564.014,Champions
2025,Ross Valley Sanitary District,Sierra Wireless,2069.61,1,2069.61,One-time/Low Value
2025,Rovisys,Sierra Wireless,2835.64,1,2835.64,Needs Nurture
2025,"SGCCE, INC SouthEast Georgia Computer Consulting & Engineering, Inc.",Peplink,2447.04,2,1223.52,At Risk
2025,SOLV Energy,Sierra Wireless,2492.36,1,2492.36,Needs Nurture
2025,Salas O'Brien,Sierra Wireless,9211.65,1,9211.65,Needs Nurture
2025,Santee Cooper,Cambium Networks,52358.61,3,17452.87,Champions
2025,Sea Air Federal Credit Union,Sierra Wireless,800.0,1,800.0,One-time/Low Value
2025,Shenandoah Valley Electric CO-OP,Sierra Wireless,23411.6,3,7803.866666666666,Champions
2025,Shenandoah Valley Electric CO-OP,Site Development,25000.0,1,25000.0,Needs Nurture
2025,Sign Plus,Sierra Wireless,26565.45,4,6641.3625,At Risk
2025,Snapping Shoals EMC,Sierra Wireless,691.64,1,691.64,One-time/Low Value
2025,Sonavex,Sierra Wireless,2145.85,2,1072.925,At Risk
2025,South Coast Controls,Sierra Wireless,855.61,1,855.61,One-time/Low Value
2025,Southern Company,Cambium Networks,108931.05,20,5446.5525,Champions
2025,Southern Company,Other,216.06,1,216.06,Promising/New
2025,Southwest Traffic SystemsÂ ,Sierra Wireless,2152.08,1,2152.08,Promising/New
2025,"Spectra Automation, Ltd.",Sierra Wireless,1038.88,1,1038.88,One-time/Low Value
2025,Summit Utilities,Sierra Wireless,26996.0,2,13498.0,Big Spenders
2025,TICO Technical,Sierra Wireless,855.6,1,855.6,One-time/Low Value
2025,TID Water and Power  Turlock Irrigation District,Sierra Wireless,5088.89,1,5088.89,Promising/New
2025,"TRI-R Systems, Inc",Sierra Wireless,344.94,1,344.94,One-time/Low Value
2025,TUD Water Tuolumne Utilities District,Sierra Wireless,752.38,1,752.38,One-time/Low Value
2025,Teknitrade,Sierra Wireless,50800.0,2,25400.0,At Risk
2025,Tellus Products LLC,Sierra Wireless,1370.13,1,1370.13,One-time/Low Value
2025,Tennessee American Water,Sierra Wireless,3921.66,1,3921.66,Needs Nurture
2025,Tennessee Valley Authority,Sierra Wireless,1223.04,1,1223.04,One-time/Low Value
2025,Texas Electric Coop,Sierra Wireless,58170.5,3,19390.16666666667,At Risk
2025,The York Water Company,Sierra Wireless,15795.77,4,3948.9425,Big Spenders
2025,Thiele Kaolin Company,Cambium Networks,6539.179999999999,3,2179.726666666666,Champions
2025,Today's Power,Sierra Wireless,1817.5,1,1817.5,One-time/Low Value
2025,Town & Country Group,Sierra Wireless,483.69,1,483.69,One-time/Low Value
2025,TraC-N-trol Inc.,Sierra Wireless,752.38,1,752.38,One-time/Low Value
2025,Tri Tech Automation,Sierra Wireless,440.32,1,440.32,Promising/New
2025,Tri-City Electric,Sierra Wireless,1046.59,1,1046.59,One-time/Low Value
2025,Tri-County Electric Coop.,Cradlepoint,2105.94,1,2105.94,Needs Nurture
2025,Tri-County Electric Coop.,Sierra Wireless,5439.48,1,5439.48,Needs Nurture
2025,Trinity Exploration and Production Services Limited,Ericsson,1553.86,1,1553.86,One-time/Low Value
2025,Turkey Creek Fire,Sierra Wireless,1238.34,1,1238.34,One-time/Low Value
2025,UGI Utilities,Sierra Wireless,4401.12,3,1467.04,Loyal
2025,US Army,Cambium Networks,1429085.78,2,714542.89,Loyal
2025,Uniti Fiber,Other,8458.66,2,4229.33,Big Spenders
2025,University of Colorado Boulder,Sierra Wireless,3670.45,1,3670.45,Needs Nurture
2025,University of EvansvilleÂ ,Sierra Wireless,1878.33,1,1878.33,Promising/New
2025,University of Minnesota,Sierra Wireless,2313.75,2,1156.875,At Risk
2025,V&R Cabling,Sierra Wireless,590.55,1,590.55,Promising/New
2025,VA-KY Communications,Sierra Wireless,1032.53,1,1032.53,Promising/New
2025,Valley Automation,Sierra Wireless,940.57,1,940.57,One-time/Low Value
2025,Vanguard Elite Security,Sierra Wireless,1310.63,1,1310.63,One-time/Low Value
2025,Vaso Technology Netwolves,Cradlepoint,8788.25,1,8788.25,Needs Nurture
2025,Virginia American Water,Sierra Wireless,1598.4,2,799.2,Loyal
2025,Vision to Learn,Sierra Wireless,90.0,1,90.0,One-time/Low Value
2025,West Coast Solar Energy,Sierra Wireless,756.8,1,756.8,One-time/Low Value
2025,West Virginia American Water,Sierra Wireless,31299.94,10,3129.994,Champions
2025,Western Midstream,Cambium Networks,78661.57999999999,6,13110.26333333333,At Risk
2025,Western Midstream,GE,71448.82,3,23816.27333333333,Champions
2025,Western Midstream,Site Infrastructure,73.64,1,73.64,One-time/Low Value
2025,Westlake,Sierra Wireless,789.02,1,789.02,One-time/Low Value
2025,Williams Information Technology LLC,GE,3728.0,2,1864.0,Needs Nurture
2025,Williams Information Technology LLC,Peplink,10000.0,1,10000.0,Needs Nurture
2025,Williams Information Technology LLC,Sierra Wireless,472180.9,11,42925.53636363637,Champions
2025,Zentro,SIAE,451911.44,8,56488.93,Champions
