Year,Month,Account,Bundle,Revenue,Orders
2023,3,ATN International,Ciena,70369.0,1
2023,3,"Allied Control Services, Inc.",Sierra Wireless,6798.0,3
2023,3,Bluebonnet Electric Cooperative,Sierra Wireless,36509.72,1
2023,3,COLSA,Nokia,82565.28,1
2023,3,CSX,Cambium Networks,5000.0,1
2023,3,CTG,Sierra Wireless,1521.46,1
2023,3,EA Science and Technology,Sierra Wireless,852.73,1
2023,3,EWA - Electronic Warfare Associates,Other,223000.0,1
2023,3,East Kentucky Power Cooperative,Sierra Wireless,933.7,1
2023,3,Exelon - Delmarva,Sierra Wireless,283500.0,1
2023,3,Exelon/BGE,Sierra Wireless,239133.68,1
2023,3,Future Technologies Innovations LLC,Other,16666.67,1
2023,3,George E. Booth Company,Sierra Wireless,8655.6,1
2023,3,Gogo Inflight,Ceragon Networks,24462.0,1
2023,3,Gogo Inflight,Professional Services,3000.0,1
2023,3,Illinois American Water,Sierra Wireless,18139.0,3
2023,3,JSat Automation Inc.,Sierra Wireless,796.81,1
2023,3,Johnson & Johnson,Use Cases,12352.94,1
2023,3,Leidos,Sierra Wireless,817264.0,1
2023,3,Occidental Petroleum,Cambium Networks,63622.35,1
2023,3,Ocean State Signal,Sierra Wireless,567.2,1
2023,3,Oceaneering,Cambium Networks,33026.0,1
2023,3,Pioneer Cellular,Sierra Wireless,41533.66,1
2023,3,Power Share Cooperative,Sierra Wireless,650.61,1
2023,3,Reliance Test & Technology (Formerly InDyne) Eglin,Cambium Networks,37537.4,1
2023,3,Southern Company,Cambium Networks,4066.97,2
2023,3,"Southern Flow, Inc.",Sierra Wireless,1948.0,1
2023,3,Specialist Commercial Solutions,Cambium Networks,6361.52,1
2023,3,Specialist Commercial Solutions,Cradlepoint,10000.0,1
2023,3,Summit Utilities,Sierra Wireless,20730.0,1
2023,3,"TOKYO OHKA KOGYO AMERICA, INC.",Sierra Wireless,372.0,1
2023,3,"TRI-R Systems, Inc",Sierra Wireless,828.37,1
2023,3,Today's Power,Sierra Wireless,6050.56,1
2023,3,Trinity Exploration & Production,Cradlepoint,100000.0,1
2023,3,Uniti Fiber,Other,1261.92,1
2023,3,Utilicom Supply,Sierra Wireless,107522.12,2
2023,3,VA-KY Communications,Sierra Wireless,2813.43,1
2023,3,West Kentucky Rural Electric,Other,453.9,1
2023,3,Western Midstream,Cambium Networks,797122.39,5
2023,3,WiLine,Other,140000.0,1
2023,3,Williams Information Technology LLC,Sierra Wireless,62021.68,3
2023,4,ATN International,Cambium Networks,5568.610000000001,2
2023,4,ATN International,Ceragon Networks,49744.8,1
2023,4,Americom,Sierra Wireless,822.97,1
2023,4,Apergy - ChampionX,Other,3829.3,2
2023,4,Atlantic Communications,Sierra Wireless,870.85,1
2023,4,CSX,Cambium Networks,4619.0,1
2023,4,California American Water,Sierra Wireless,7992.0,1
2023,4,DTE Midstream,Sierra Wireless,19896.0,1
2023,4,Engage P2P,Sierra Wireless,670.9,1
2023,4,Exelon,Other,562.33,1
2023,4,Exelon - Atlantic City Electric,Sierra Wireless,1186.16,1
2023,4,GDT,Sierra Wireless,36432.0,1
2023,4,Gogo Inflight,Other,1255.0,1
2023,4,Illinois American Water,Sierra Wireless,8940.02,2
2023,4,Indiana American Water,Sierra Wireless,799.2,1
2023,4,Irby Utilities,Other,4264.5,1
2023,4,Jakoby-cor,Other,501.43,1
2023,4,KYTC,Sierra Wireless,8454.3,1
2023,4,Maxim Automation,Sierra Wireless,4554.27,1
2023,4,Missouri American Water,Sierra Wireless,14530.08,4
2023,4,Mon Valley Integration,Sierra Wireless,1369.48,2
2023,4,NJ American Water,Sierra Wireless,32813.67,2
2023,4,Norfolk Southern,Cambium Networks,201222.81,1
2023,4,Occidental Petroleum,Cambium Networks,0.0,1
2023,4,Occidental Petroleum,Other,772.93,1
2023,4,PA American Water,Other,764.25,1
2023,4,PA American Water,Sierra Wireless,17969.58,2
2023,4,Pioneer Cellular,Other,3683.29,1
2023,4,Pioneer Electric Coop,Sierra Wireless,11880.06,1
2023,4,Powersouth Energy Cooperative,Cambium Networks,6030.36,1
2023,4,Preferred Communications,Sierra Wireless,803.84,1
2023,4,Railpower Tech LLC,Sierra Wireless,1951.83,1
2023,4,Ramboll,Other,211.5,1
2023,4,"Rockcliff Energy, LLC",Sierra Wireless,9000.0,1
2023,4,Solar Security,Sierra Wireless,1322.02,1
2023,4,Symspire,Sierra Wireless,1935.81,1
2023,4,Thurmond McGlothlin,Sierra Wireless,567.2,1
2023,4,West Virginia American Water,Sierra Wireless,1598.4,1
2023,4,Western Midstream,Cambium Networks,40202.0,1
2023,4,Williams Information Technology LLC,Sierra Wireless,3316.0,1
2023,5,ATI Flat Rolled Products,Celona,10300.0,1
2023,5,Alessios,Cradlepoint,616.76,1
2023,5,"Allied Control Services, Inc.",Sierra Wireless,3629.93,3
2023,5,Atlantic Veterinary Hospital,Peplink,1058.82,1
2023,5,Baha Mar,Use Cases,38025.33,1
2023,5,Bluebonnet Electric Cooperative,Sierra Wireless,6733.6,1
2023,5,Boldyn Networks,Nokia,22659.99,1
2023,5,COLSA,Nokia,19135.4,1
2023,5,CSX,Cambium Networks,23927.02,2
2023,5,"Cable Associates, Inc",Sierra Wireless,778.16,1
2023,5,"Calera Gas, LLC",Sierra Wireless,760.73,1
2023,5,California American Water,Sierra Wireless,7992.0,3
2023,5,Chevron,Cradlepoint,25597.01,1
2023,5,City of Panama Beach City,Peplink,28671.31,1
2023,5,Complete Control Services,Sierra Wireless,1326.4,1
2023,5,Cooperative Energy,Sierra Wireless,5305.6,1
2023,5,Cox,Cambium Networks,120397.77,2
2023,5,EQT,Sierra Wireless,14225.0,1
2023,5,Electronic Security Corporation,Sierra Wireless,483.14,1
2023,5,Equitrans Midstream,Sierra Wireless,600.35,1
2023,5,Exelon - Atlantic City Electric,Sierra Wireless,1186.16,1
2023,5,Exelon - PECO,Sierra Wireless,25719.74,2
2023,5,Exelon/BGE,Sierra Wireless,45000.0,1
2023,5,Gaia Green Earth,Cambium Networks,20000.0,1
2023,5,Geiler,Sierra Wireless,1239.36,1
2023,5,Greenfield Inc,Cradlepoint,168059.36,1
2023,5,Grey Wolf Automation,Sierra Wireless,983.08,1
2023,5,IPEX,Cradlepoint,46404.23,1
2023,5,Illinois American Water,Sierra Wireless,694.32,1
2023,5,Intuitive Research and Technology Corporation,Other,135294.12,1
2023,5,Irby Utilities,Sierra Wireless,8508.0,1
2023,5,Johnson Controls,Sierra Wireless,480.64,1
2023,5,KYTC,Sierra Wireless,211.8,1
2023,5,Kinder Morgan,Cambium Networks,6820.88,1
2023,5,Maxim Automation,Sierra Wireless,2902.05,1
2023,5,Missouri American Water,Sierra Wireless,2514.99,1
2023,5,Mon Valley Integration,Sierra Wireless,822.36,1
2023,5,NJ American Water,Sierra Wireless,871.55,1
2023,5,Nomad Solutions/Apex,Cambium Networks,1549.07,1
2023,5,Norfolk Southern,Cambium Networks,11330.8,1
2023,5,Occidental Petroleum,Cambium Networks,13400.0,1
2023,5,Occidental Petroleum,Site Infrastructure,17629.5,1
2023,5,PA American Water,Sierra Wireless,4644.37,1
2023,5,Powershare Energy Cooperative,Sierra Wireless,650.61,1
2023,5,Powersouth Energy Cooperative,Cambium Networks,2568.78,1
2023,5,ROCS Transit,Sierra Wireless,2052.43,1
2023,5,Ramboll,Sierra Wireless,741.36,2
2023,5,Ranger Excavating,Sierra Wireless,300.0,1
2023,5,Rock River Service,Sierra Wireless,1312.02,1
2023,5,Santee Cooper,Cambium Networks,15357.6,1
2023,5,Shenandoah Valley Electric CO-OP,Cambium Networks,103.76,1
2023,5,Shenandoah Valley Electric CO-OP,Sierra Wireless,1314.4,1
2023,5,Smart Sky Networks,Ceragon Networks,17583.82,2
2023,5,Southern Company,Cambium Networks,11592.45,1
2023,5,"TRI-R Systems, Inc",Sierra Wireless,1656.74,1
2023,5,Tech Know How LLC,Sierra Wireless,937.18,1
2023,5,US Army,Cambium Networks,82176.4,1
2023,5,US Army,Nokia,18808.66,1
2023,5,We Energies,Sierra Wireless,6300.0,1
2023,5,Western Midstream,Cambium Networks,376583.04,2
2023,5,Williams Information Technology LLC,Sierra Wireless,663.2,1
2023,5,York County,Cambium Networks,3685.48,1
2023,5,Zentro,SIAE,1623.52,1
2023,6,247 Networks,Sierra Wireless,1223.63,1
2023,6,ACT,Cambium Networks,27772.14,1
2023,6,ACT,Ceragon Networks,28265.52,2
2023,6,AEP Oklahoma,Sierra Wireless,1983.03,1
2023,6,ATN International,Cambium Networks,48593.3,1
2023,6,Alliant Energy,Sierra Wireless,58119.4,1
2023,6,"Allied Control Services, Inc.",Sierra Wireless,1185.37,3
2023,6,Apergy - ChampionX,Other,4221.2,2
2023,6,Arklanet,Cambium Networks,2279.53,1
2023,6,Artesian Water,Sierra Wireless,2836.0,1
2023,6,Artiel Systems Integration,Sierra Wireless,1690.68,1
2023,6,BAE Systems Digital Intelligence,Nokia,500000.0,1
2023,6,Brayman Construction,Sierra Wireless,740.61,1
2023,6,CP Chem,Site Infrastructure,2701.16,1
2023,6,CSX,Cambium Networks,5135.26,1
2023,6,California American Water,Sierra Wireless,1743.1,2
2023,6,Cimarron Electric,Sierra Wireless,3253.05,1
2023,6,Cole Engineering Services/By-Light,Cambium Networks,181152.0,1
2023,6,Complete Control Services,Sierra Wireless,346.24,1
2023,6,Control Systems Technology,Sierra Wireless,7080.23,1
2023,6,Darke County Sheriff,Sierra Wireless,36403.02,1
2023,6,Distinctive AFWS Designs,Sierra Wireless,567.2,1
2023,6,EQT,Other,1058.8,1
2023,6,EQT,Sierra Wireless,1329.1,2
2023,6,Exelon - PECO,Sierra Wireless,4474.95,1
2023,6,Fischer Block,Sierra Wireless,1521.46,1
2023,6,Fleaux Services,Sierra Wireless,6632.0,1
2023,6,IROB Solutions LLC,Sierra Wireless,3388.93,2
2023,6,Illinois American Water,Sierra Wireless,5666.75,3
2023,6,Information Station Specialists,Sierra Wireless,3703.0,1
2023,6,Intuitive Research and Technology Corporation,Site Infrastructure,160000.0,1
2023,6,Johnson & Johnson,Professional Services,1500.0,1
2023,6,Lenco Armored Vehicles,Sierra Wireless,2254.5,1
2023,6,Linkan Engineering,Sierra Wireless,870.85,1
2023,6,Maryland American Water,Sierra Wireless,7992.0,2
2023,6,Maxim Automation,Sierra Wireless,3451.75,2
2023,6,Musco Lighting,Sierra Wireless,5377.38,1
2023,6,Namaste Solar,Sierra Wireless,650.61,1
2023,6,Norfolk Southern,Other,130121.77,1
2023,6,North Slope Telecom,Sierra Wireless,650.61,1
2023,6,Occidental Petroleum,Cambium Networks,218165.92,2
2023,6,Occidental Petroleum,Site Infrastructure,13990.09,1
2023,6,One Atlas,Sierra Wireless,307.32,1
2023,6,PA American Water,Sierra Wireless,4986.92,5
2023,6,Pearce-Renewables,Sierra Wireless,739.55,1
2023,6,Peoria Heights,Sierra Wireless,32416.2,1
2023,6,Perceptive Controls,Sierra Wireless,2558.65,2
2023,6,Petra Consultants,Sierra Wireless,650.0,1
2023,6,Phantom Technical,Sierra Wireless,346.99,1
2023,6,Pioneer Cellular,Sierra Wireless,3403.2,1
2023,6,Shenandoah Valley Electric CO-OP,Ericsson,459.75,1
2023,6,Smart Sky Networks,Ceragon Networks,1202.42,1
2023,6,Sonavex,Sierra Wireless,1945.85,1
2023,6,South Florida Water management district,Cambium Networks,7497.82,1
2023,6,Space Force,Cambium Networks,125000.0,1
2023,6,St. Tammany Parish,Cradlepoint,102355.0,1
2023,6,Strategic Maintenance Solutions,Sierra Wireless,2453.51,1
2023,6,Systems Control,Cambium Networks,10656.01,1
2023,6,Tennessee Valley Authority,Sierra Wireless,2595.54,1
2023,6,TruAccess Networks,Cradlepoint,409799.96,1
2023,6,United States Coast Guard,Cambium Networks,48387.45,1
2023,6,West Virginia American Water,Sierra Wireless,23866.57,2
2023,6,Western Midstream,Cambium Networks,400.12,1
2023,6,Williams Information Technology LLC,Sierra Wireless,21222.4,1
2023,6,showPRO,Sierra Wireless,1786.37,1
2023,7,AEP Texas,Sierra Wireless,1983.03,1
2023,7,"Accel Communications, Inc",Sierra Wireless,365.52,1
2023,7,American Water,Sierra Wireless,10199.0,1
2023,7,Apergy - ChampionX,Sierra Wireless,30000.0,1
2023,7,CSX,Cambium Networks,10853.32,1
2023,7,California American Water,Sierra Wireless,2372.76,2
2023,7,Cambium Networks,Cambium Networks,8159.64,1
2023,7,City of Austin,Sierra Wireless,129.4,1
2023,7,Cole Engineering Services/By-Light,Other,442168.75,1
2023,7,Cole Engineering Services/By-Light,Site Development,9285.71,1
2023,7,Complete Control Services,Site Development,2088.78,1
2023,7,Cooperative Energy,Sierra Wireless,5305.6,1
2023,7,Cox,Other,331350.0,1
2023,7,Dixie Electric,Other,1450.68,1
2023,7,EQT,Other,749.54,1
2023,7,Eagle Automation,Sierra Wireless,685.84,1
2023,7,Equitrans Midstream,Sierra Wireless,2268.8,1
2023,7,Fischer Block,Sierra Wireless,2282.19,1
2023,7,Hanen,Sierra Wireless,825.22,1
2023,7,Illinois American Water,Sierra Wireless,799.2,1
2023,7,Johnston Technical Services,Sierra Wireless,3382.45,1
2023,7,MWI Direct,Sierra Wireless,1567.1,1
2023,7,Maxim Automation,Sierra Wireless,683.9,1
2023,7,Micro Enterprise NJ,Sierra Wireless,65050.8,1
2023,7,Missouri American Water,Sierra Wireless,3562.9,1
2023,7,Monumental Sports,Cambium Networks,45343.3,1
2023,7,Occidental Petroleum,Cambium Networks,21323.64,3
2023,7,Occidental Petroleum,Site Development,9514.3,1
2023,7,PA American Water,Sierra Wireless,18816.81,7
2023,7,PS Electric LLC,Sierra Wireless,5672.0,1
2023,7,Powersouth Energy Cooperative,Cambium Networks,397.4,1
2023,7,Rappahannock Electric Cooperative,Sierra Wireless,3424.62,1
2023,7,"Rockcliff Energy, LLC",Sierra Wireless,1128.8,1
2023,7,Rolls Royce,Other,3027.24,1
2023,7,Santee Cooper,Cambium Networks,938.0,1
2023,7,Smart Sky Networks,Ceragon Networks,14821.85,3
2023,7,Southern Electrical Equipment Co.,Sierra Wireless,1567.34,1
2023,7,Southwest Gas Corp.,Other,2603.62,1
2023,7,Square Robot,Sierra Wireless,696.49,1
2023,7,TICO Technical,Sierra Wireless,855.6,1
2023,7,Tech Solutions Statesboro,Peplink,941.18,1
2023,7,The York Water Company,Sierra Wireless,2397.6,1
2023,7,UGI Utilities,Sierra Wireless,2651.6,1
2023,7,US Air Force,Cambium Networks,149396.77,1
2023,7,US Army,Nokia,14291.212,1
2023,7,US Army,Site Infrastructure,134917.39,1
2023,7,United States Coast Guard,Cambium Networks,1510.0,1
2023,7,West Virginia American Water,Sierra Wireless,9948.0,1
2023,8,AECOM,Sierra Wireless,660.36,1
2023,8,AEP Oklahoma,Sierra Wireless,8907.66,2
2023,8,ATI Flat Rolled Products,Celona,40315.47,1
2023,8,ATN International,Cambium Networks,793.31,1
2023,8,"Allied Control Services, Inc.",Sierra Wireless,16130.55,3
2023,8,American Water,Sierra Wireless,10081.48,1
2023,8,Apergy - ChampionX,Other,15439.0,1
2023,8,Arkansas Oklahoma Gas Corporation,Sierra Wireless,64424.0,2
2023,8,Arklanet,Cambium Networks,2660.4,1
2023,8,"Automated Control Concepts, Inc./ Inflexion Point",Sierra Wireless,7287.0,1
2023,8,Avrumy's Security,Sierra Wireless,429.19,1
2023,8,BQ Dynetics,Cambium Networks,29271.72,1
2023,8,Birdi Systems,Sierra Wireless,1316.89,1
2023,8,Boldyn Networks,Nokia,23364.0,1
2023,8,Bounce Imaging,Sierra Wireless,2035.34,1
2023,8,CSX,Cambium Networks,188358.0,1
2023,8,City of Rock hill,Sierra Wireless,300.0,1
2023,8,Cole Engineering Services/By-Light,Professional Services,17814.2,1
2023,8,Complete Control Services,Sierra Wireless,2397.6,1
2023,8,Cooperative Energy,Sierra Wireless,3316.0,1
2023,8,Cox,Other,1971.25,1
2023,8,Cradlepoint,Cradlepoint,88.24,1
2023,8,EQT,Sierra Wireless,22280.0,3
2023,8,Fairfax County PD,Sierra Wireless,2766.2,1
2023,8,ICA Engineering,Sierra Wireless,24718.05,2
2023,8,Illinois American Water,Sierra Wireless,1548.4,1
2023,8,KYTC,Other,1875.0,1
2023,8,KYTC,Sierra Wireless,16378.61,2
2023,8,Kenergy,Cambium Networks,4659.04,2
2023,8,Kentucky American Water,Sierra Wireless,1400.48,1
2023,8,Kit Communications,Sierra Wireless,0.0,1
2023,8,Kupper Engineering,Sierra Wireless,2660.0,1
2023,8,Leading Integration,Sierra Wireless,811.09,1
2023,8,MARTA,Sierra Wireless,1500.03,1
2023,8,Maxim Automation,Sierra Wireless,1371.68,1
2023,8,Metropolitan Airports Commission,Sierra Wireless,349.77,1
2023,8,Missouri American Water,Sierra Wireless,2389.27,2
2023,8,Monumental Sports,Cambium Networks,684.69,1
2023,8,Nokia,Other,6111.0,1
2023,8,Norfolk Southern,Cambium Networks,233126.32,5
2023,8,Occidental Petroleum,Cambium Networks,2559445.48,4
2023,8,Occidental Petroleum,Other,4925.0,1
2023,8,Occidental Petroleum,Site Development,7428.57,1
2023,8,PA American Water,Sierra Wireless,4905.0,1
2023,8,PS Electric LLC,Sierra Wireless,5672.0,1
2023,8,Powersouth Energy Cooperative,Cambium Networks,8159.64,1
2023,8,Santee Cooper,Cambium Networks,6340.68,1
2023,8,South Florida Water management district,Cambium Networks,7539.81,1
2023,8,Southern Company,Cambium Networks,1788.8,1
2023,8,Specialist Commercial Solutions,Cradlepoint,510.0,1
2023,8,"TRI-R Systems, Inc",Sierra Wireless,2485.11,1
2023,8,Telstar Instruments,Sierra Wireless,650.59,1
2023,8,Tennessee American Water,Sierra Wireless,3996.0,1
2023,8,Truckee Meadows Water Authority,Sierra Wireless,2970.0,1
2023,8,Wavetronix,Sierra Wireless,1783.26,1
2023,8,We Energies,Sierra Wireless,17040.0,1
2023,8,Western Midstream,Site Development,621000.0,1
2023,8,Western Midstream,Site Infrastructure,2301292.2,4
2023,8,Williams Information Technology LLC,Sierra Wireless,663.2,1
2023,8,Williamsburg Police Department,Sierra Wireless,1237.9,1
2023,8,Yankee Communications,Sierra Wireless,39960.0,1
2023,9,ACT,Cambium Networks,25381.43,3
2023,9,ATN International,Ciena,34127.83,1
2023,9,Aclara - Hubbell Inc,Sierra Wireless,2747.05,1
2023,9,Acoustic Technology Inc,Sierra Wireless,2735.04,1
2023,9,Apergy - ChampionX,Sierra Wireless,30000.0,1
2023,9,Arklanet,Cambium Networks,2268.12,1
2023,9,Boldyn Networks,Cradlepoint,10085.75,2
2023,9,CSX,Cambium Networks,133515.72,2
2023,9,California American Water,Sierra Wireless,1230.64,1
2023,9,Colossal Contracting LLC,Sierra Wireless,109711.5,1
2023,9,Complete Control Services,Sierra Wireless,3196.8,1
2023,9,Complete Control Services,Site Development,2088.78,1
2023,9,Control Systems Technology,Sierra Wireless,1639.61,1
2023,9,Convergent Energy,Cradlepoint,23100.7,1
2023,9,Cooperative Energy,Sierra Wireless,5397.41,1
2023,9,Cox,Cambium Networks,12545.89,2
2023,9,DTE Energy,Sierra Wireless,1915.05,1
2023,9,Duplicate - Irby Utilities,Sierra Wireless,5672.0,1
2023,9,Eastex Tower,Ciena,447622.12,1
2023,9,H&H Door Company Inc.,Sierra Wireless,2616.93,1
2023,9,Hardin Medical Center,Sierra Wireless,466.06,1
2023,9,Illinois American Water,Sierra Wireless,7256.48,5
2023,9,Indiana American Water,Sierra Wireless,6121.6,2
2023,9,Intuitive Research and Technology Corporation,Nokia,250000.0,1
2023,9,KYTC,Other,3697.16,1
2023,9,Kokosing Construction,Sierra Wireless,2340.46,1
2023,9,LA City,Sierra Wireless,3746.64,1
2023,9,Link Media Outdoor,Sierra Wireless,650.61,1
2023,9,MARTA,Sierra Wireless,200.04,1
2023,9,NMTS New Mexico Tech Seismological Observatory,Sierra Wireless,1589.36,1
2023,9,New Hampshire Electric,Sierra Wireless,3803.65,1
2023,9,Norfolk Southern,Cambium Networks,441268.82,1
2023,9,NorthPoint Development,Sierra Wireless,543.7,1
2023,9,Occidental Petroleum,Cambium Networks,4654.48,4
2023,9,Occidental Petroleum,Site Infrastructure,19876.28,3
2023,9,PA American Water,Sierra Wireless,26992.58,3
2023,9,PDS Solutions,Sierra Wireless,360.66,1
2023,9,Parsons,Sierra Wireless,29637.5,1
2023,9,Pennsylvania Solar Company,Sierra Wireless,329.44,1
2023,9,Perceptive Controls,Sierra Wireless,1589.74,2
2023,9,"Phillips Southern Electric Co., Inc.",Sierra Wireless,5302.55,1
2023,9,Rohde & Schwarz,Ciena,6026.19,1
2023,9,Santee Cooper,Cambium Networks,498.84,1
2023,9,Shenandoah Valley Electric CO-OP,Sierra Wireless,34517.5,1
2023,9,Southern Company,Cambium Networks,4424.53,1
2023,9,"Sumaria Systems, LLC",Cambium Networks,39120.32,1
2023,9,Summit Utilities,Sierra Wireless,1326.0,1
2023,9,"TRI-R Systems, Inc",Sierra Wireless,1656.74,1
2023,9,TSI Controls,Sierra Wireless,3696.23,2
2023,9,Tennessee Valley Authority,Sierra Wireless,1000.0,1
2023,9,"The Ritz-Carlton Residences, Inner Harbor, Baltimore",Use Cases,37848.0,1
2023,9,Trumansburg Police Department,Sierra Wireless,2197.34,1
2023,9,US Army,Site Infrastructure,35853.39,1
2023,9,VLCM,Sierra Wireless,865.76,1
2023,9,Wagoner Wind,Sierra Wireless,4680.0,1
2023,9,Williams Information Technology LLC,Sierra Wireless,40389.5,2
2023,9,Zentro,SIAE,1411.6,1
2023,10,AES,Cambium Networks,39142.24,1
2023,10,AQWA,Sierra Wireless,625.84,1
2023,10,"Allied Control Services, Inc.",Sierra Wireless,1474.77,2
2023,10,Atmos Energy Corporation,Sierra Wireless,9948.0,1
2023,10,Bounce Imaging,Sierra Wireless,92.63,1
2023,10,CSX,Cambium Networks,25676.1,2
2023,10,Clay Electric Cooperative,Sierra Wireless,1804.98,1
2023,10,ConstructCams,Sierra Wireless,6039.45,1
2023,10,Cox,Cambium Networks,113230.8,2
2023,10,Cox,Other,275.0,1
2023,10,Dixie Electric,Other,3826.42,1
2023,10,EQT,Sierra Wireless,5439.75,2
2023,10,Equitrans Midstream,Sierra Wireless,522.14,1
2023,10,Fusion World Wide,Sierra Wireless,65061.0,1
2023,10,George E. Booth Company,Sierra Wireless,1884.05,2
2023,10,Gogo Inflight,Ceragon Networks,96.0,1
2023,10,Graybill Inc. (Alliant Energy),Sierra Wireless,5864.88,1
2023,10,Illinois American Water,Sierra Wireless,6918.76,2
2023,10,Indeck Power Equipment Company,Sierra Wireless,4149.46,1
2023,10,Indiana American Water,Sierra Wireless,8034.7,2
2023,10,Irby Utilities,Other,6133.17,1
2023,10,J&M Security Solutions,Sierra Wireless,761.18,1
2023,10,KYTC,Sierra Wireless,242995.0,2
2023,10,Link Media Outdoor,Sierra Wireless,27.5,1
2023,10,Maher Terminal Port Elizabeth,Nokia,15155.97,1
2023,10,Norfolk Southern,Cambium Networks,4935.17,2
2023,10,Norfolk Southern,Other,5454.54,2
2023,10,Norfolk Southern,Site Infrastructure,208048.42,3
2023,10,Occidental Petroleum,Site Infrastructure,30026.67,2
2023,10,Peraton,Sierra Wireless,7781.71,1
2023,10,Powersouth Energy Cooperative,Cambium Networks,13147.36,1
2023,10,"Quality Controls, Inc.",Sierra Wireless,650.61,1
2023,10,Southern Company,Cambium Networks,19502.64,2
2023,10,Texas Electric Coop,Sierra Wireless,5670.6,1
2023,10,Trigg County Sheriff,Sierra Wireless,11044.9,1
2023,10,Utilicom Supply,Other,183.75,1
2023,10,West Virginia American Water,Sierra Wireless,871.55,1
2023,10,Western Midstream,Cambium Networks,1684.32,1
2023,10,Western Midstream,Site Development,54511.78,1
2023,10,Western Midstream,Site Infrastructure,9472.21,1
2023,10,Westlake Financial,Sierra Wireless,1189.75,1
2023,10,Williams Information Technology LLC,Sierra Wireless,108101.6,4
2023,11,Amscot - The Money Superstore,Other,187.96,1
2023,11,Apergy - ChampionX,Other,5276.5,1
2023,11,"Automated Control Concepts, Inc./ Inflexion Point",Sierra Wireless,3189.9,1
2023,11,CSX,Cambium Networks,5135.22,1
2023,11,Carrier,Cradlepoint,673125.0,1
2023,11,Commtech,Sierra Wireless,650.61,1
2023,11,Communication Technology Services,Sierra Wireless,1000.0,1
2023,11,Convergint Technologies,Sierra Wireless,807.01,1
2023,11,Cox,Cambium Networks,106.96,1
2023,11,Digital Path,Sierra Wireless,1815.08,1
2023,11,Distinctive AFWS Designs,Sierra Wireless,761.18,1
2023,11,EQT,Sierra Wireless,21337.5,2
2023,11,"ETS - Engineering & Testing Services, Inc.",Sierra Wireless,7156.710000000001,3
2023,11,Eagle Automation,Sierra Wireless,638.93,1
2023,11,East Kentucky Power Cooperative,Sierra Wireless,11371.29,1
2023,11,Equitrans Midstream,Sierra Wireless,1122.49,2
2023,11,Essex County Office of Emergency Services,Sierra Wireless,3898.14,1
2023,11,Floor and Decor,Cradlepoint,1138.33,1
2023,11,Future Technologies Innovations LLC,Other,13983.44,1
2023,11,George E. Booth Company,Sierra Wireless,1016.76,1
2023,11,ISA Solar Integrated Solar,Sierra Wireless,673.44,1
2023,11,Illinois American Water,Sierra Wireless,3196.8,1
2023,11,KYTC,Other,6363.5,1
2023,11,KYTC,Sierra Wireless,1106.07,1
2023,11,Kenergy,Cambium Networks,15000.0,1
2023,11,Larimer Emergency Telephone Authority,Sierra Wireless,3813.32,1
2023,11,Maher Terminal Port Elizabeth,Nokia,16130.58,1
2023,11,Maxim Automation,Sierra Wireless,2735.04,1
2023,11,Mon Valley Integration,Sierra Wireless,1643.28,1
2023,11,Neptune Technology Group,Sierra Wireless,5986.6,3
2023,11,Nokia,Other,5775.0,1
2023,11,Nomad Solutions/Apex,Cambium Networks,102892.53,2
2023,11,Norfolk Southern,Cambium Networks,16299.76,1
2023,11,Norfolk Southern,Other,32095.43,4
2023,11,Pertech,Sierra Wireless,1367.21,1
2023,11,Powersouth Energy Cooperative,Cambium Networks,397.4,1
2023,11,Powersouth Energy Cooperative,Sierra Wireless,501.02,1
2023,11,"Rockcliff Energy, LLC",Sierra Wireless,9000.0,1
2023,11,Sondhi Solutions,Sierra Wireless,1392.94,1
2023,11,Southern Company,Cambium Networks,8793.539999999999,2
2023,11,"Southern Flow, Inc.",Sierra Wireless,3253.05,1
2023,11,Specialist Commercial Solutions,Cradlepoint,2217.65,1
2023,11,Tri-County Electric Coop.,Cradlepoint,4971.81,1
2023,11,Unity Township Emergency Management,Sierra Wireless,2189.92,1
2023,11,West Side Vol Fire Department,Sierra Wireless,1227.56,1
2023,11,Western Midstream,Cambium Networks,23437.98,1
2023,11,WiLine,Peplink,85106.0,2
2023,11,Williams Information Technology LLC,Sierra Wireless,1285445.2,5
2023,11,Zentro,SIAE,139152.8,1
2023,12,ATI Flat Rolled Products,Celona,165095.25,3
2023,12,ATN International,Ciena,34127.83,1
2023,12,Accenture Federal,Other,100000.0,1
2023,12,Actemium,Sierra Wireless,2644.62,1
2023,12,Ameresco Operations & Maintenance,Sierra Wireless,39.0,1
2023,12,Artesian Water,Sierra Wireless,43821.0,2
2023,12,CSX,Cambium Networks,587.61,1
2023,12,California American Water,Sierra Wireless,5594.4,1
2023,12,Carrier,Cradlepoint,579375.0,1
2023,12,ChipChat Technology Group,Sierra Wireless,1156.88,1
2023,12,Conrail,Sierra Wireless,1886.57,1
2023,12,Cornell University,Sierra Wireless,1721.66,1
2023,12,Essex County Office of Emergency Services,Sierra Wireless,1980.0,1
2023,12,Floor and Decor,Cradlepoint,194210.0,1
2023,12,Future Technologies Innovations LLC,Cambium Networks,134000.0,1
2023,12,Guardian Access Solutions,Sierra Wireless,2623.92,1
2023,12,Hyundai,Other,56640.0,1
2023,12,Indeck Power Equipment Company,Sierra Wireless,0.0,1
2023,12,Irby Utilities,Sierra Wireless,17754.5,2
2023,12,KYTC,Sierra Wireless,224800.2,1
2023,12,Las Cruces,Sierra Wireless,1511.18,1
2023,12,Major Projects LLC,Sierra Wireless,2059.67,1
2023,12,Mon Valley Integration,Sierra Wireless,794.86,1
2023,12,Monumental Sports,Cambium Networks,13589.1,1
2023,12,Norfolk Southern,Cambium Networks,1446.96,1
2023,12,"North Shore Energy, LLC",Sierra Wireless,971.54,1
2023,12,Occidental Petroleum,Cambium Networks,6974.4,1
2023,12,Occidental Petroleum,Site Infrastructure,2611.08,1
2023,12,Perimeter Protection Security Solutions,Sierra Wireless,5597.1,1
2023,12,Rocket Technologies,Sierra Wireless,910.97,1
2023,12,Rohde & Schwarz,Ciena,13073.35,2
2023,12,Sonavex,Sierra Wireless,1945.85,1
2023,12,Western Midstream,Cambium Networks,99427.24,3
2023,12,Western Midstream,Site Infrastructure,17757.93,1
2023,12,Williams Information Technology LLC,Sierra Wireless,663.2,1
2024,1,APT Water,Sierra Wireless,100.0,1
2024,1,ATN International,Ciena,34127.83,1
2024,1,"Accel Communications, Inc",Sierra Wireless,365.49,1
2024,1,"Automated Control Concepts, Inc./ Inflexion Point",Sierra Wireless,7057.18,2
2024,1,Beck Tech,Sierra Wireless,43933.92,1
2024,1,Bluebonnet Electric Cooperative,Sierra Wireless,6866.3,1
2024,1,Boissonneault Electric Corp,Sierra Wireless,647.55,1
2024,1,Borough of Chambersburg,Sierra Wireless,30.0,1
2024,1,Braun Ambulances,Sierra Wireless,1008.24,1
2024,1,CM3 Building Solutions,Sierra Wireless,5037.2,1
2024,1,City of Escanaba,Sierra Wireless,1451.54,1
2024,1,Cole Engineering Services/By-Light,Other,44466.75,1
2024,1,Complete Control Services,Sierra Wireless,4070.24,1
2024,1,"Constructure Technologies, Inc",Sierra Wireless,1305.6,3
2024,1,Cox,Cambium Networks,23687.91,1
2024,1,Darke County Sheriff,Sierra Wireless,34380.63,1
2024,1,EQT,Sierra Wireless,5045.05,2
2024,1,EpiSci,Sierra Wireless,8091.66,1
2024,1,Equitrans Midstream,Sierra Wireless,287736.0,1
2024,1,Exelon - Delmarva,Sierra Wireless,3398.28,1
2024,1,Fleaux Services,Sierra Wireless,694.89,1
2024,1,Fletcher Industries,Sierra Wireless,2517.44,1
2024,1,George E. Booth Company,Sierra Wireless,1799.2,1
2024,1,Greece Police,Sierra Wireless,1543.94,1
2024,1,H&H Door Company Inc.,Sierra Wireless,1857.8,2
2024,1,IP Systems,Sierra Wireless,993.2,1
2024,1,Identisys,Sierra Wireless,10753.05,1
2024,1,Indeck Power Equipment Company,Sierra Wireless,321.54,1
2024,1,Indiana American Water,Sierra Wireless,4645.95,2
2024,1,Kit Communications,Sierra Wireless,1000.0,1
2024,1,Kyndryl,Other,18731.25,1
2024,1,Las Cruces,Sierra Wireless,1511.18,1
2024,1,Lightsource BP,Sierra Wireless,1647.15,1
2024,1,Lufthansa,Ericsson,34883.58,1
2024,1,Lumin8,Sierra Wireless,740.61,1
2024,1,Maxim Automation,Sierra Wireless,1647.46,2
2024,1,Millersburg Information System,Sierra Wireless,2783.1,1
2024,1,Missouri American Water,Sierra Wireless,7894.97,3
2024,1,Monte Vista Water District,Sierra Wireless,3581.84,1
2024,1,Nomad Solutions/Apex,Cambium Networks,40954.992,1
2024,1,"North Shore Energy, LLC",Other,153.63,1
2024,1,Northrop Grumman,Cambium Networks,723482.03,1
2024,1,Occidental Petroleum,Cambium Networks,12750.43,2
2024,1,Occidental Petroleum,Other,1618.82,1
2024,1,Occidental Petroleum,Site Infrastructure,8774.54,1
2024,1,Occidental Petroleum,Use Cases,6781.69,1
2024,1,PS Electric LLC,Sierra Wireless,2836.0,1
2024,1,Phoenix Contact Development,Sierra Wireless,5017.0,1
2024,1,Piedmont Automation,Sierra Wireless,16087.5,1
2024,1,Pioneer Cellular,Sierra Wireless,47868.75,1
2024,1,"QX Networking & Design, Inc.",Cambium Networks,3156.26,1
2024,1,"Quality Controls, Inc.",Sierra Wireless,650.61,1
2024,1,Rathbun Regional Water Association,Sierra Wireless,5857.5,1
2024,1,Rocket Technologies,Sierra Wireless,932.09,1
2024,1,Southern Company,Cambium Networks,2956.71,1
2024,1,Tennessee Valley Authority,Sierra Wireless,5073.0,2
2024,1,Today's Power,Sierra Wireless,8841.12,1
2024,1,UGI Utilities,Sierra Wireless,2724.34,2
2024,1,US Army,Nokia,8733.76,1
2024,1,WBA Automation,Sierra Wireless,3080.96,1
2024,1,West Virginia American Water,Sierra Wireless,42357.6,2
2024,1,Zentro,SIAE,15232.98,1
2024,2,ACT,Cambium Networks,17562.92,1
2024,2,ATN International,Other,5119.76,1
2024,2,All Electric,Sierra Wireless,1629.78,1
2024,2,"Allied Control Services, Inc.",Sierra Wireless,21464.73,1
2024,2,Ampirical,Sierra Wireless,9132.32,1
2024,2,Apergy - ChampionX,Sierra Wireless,6000.0,1
2024,2,"Automated Control Concepts, Inc./ Inflexion Point",Sierra Wireless,1761.39,1
2024,2,Built Systems,Sierra Wireless,897.01,1
2024,2,California American Water,Sierra Wireless,9590.400000000001,2
2024,2,Cox,Cambium Networks,6920.6,2
2024,2,Dixie Electric,Other,625.0,1
2024,2,Dynamic Automation LTD.,Sierra Wireless,199.74,1
2024,2,EQT,Sierra Wireless,3556.25,1
2024,2,Equitrans Midstream,Sierra Wireless,0.0,1
2024,2,Exelon,Sierra Wireless,2425.2,1
2024,2,Fermilab,Sierra Wireless,841.9,1
2024,2,Fleaux Services,Sierra Wireless,4537.6,3
2024,2,Future Technologies Innovations LLC,Other,400000.0,1
2024,2,Garver,Sierra Wireless,1703.3,1
2024,2,George E. Booth Company,Sierra Wireless,20.48,1
2024,2,Gogo Inflight,Ceragon Networks,785.88,1
2024,2,Gogo Inflight,Other,125.0,1
2024,2,Idemia,Sierra Wireless,13066.8,1
2024,2,Illinois American Water,Sierra Wireless,10647.5,3
2024,2,Indiana American Water,Sierra Wireless,8426.52,1
2024,2,J&M Security Solutions,Sierra Wireless,648479.7,1
2024,2,Maxim Automation,Sierra Wireless,6254.97,2
2024,2,Micro Enterprise NJ,Other,866.08,1
2024,2,Micro Enterprise NJ,Sierra Wireless,587.62,1
2024,2,Missouri American Water,Sierra Wireless,8148.75,2
2024,2,NH DOT,Sierra Wireless,1326.0,1
2024,2,NJ American Water,Sierra Wireless,65799.88,2
2024,2,Nationwide Security Corporation,Sierra Wireless,1004.59,1
2024,2,Occidental Petroleum,Cambium Networks,1410.22,1
2024,2,Occidental Petroleum,Other,3045.57,1
2024,2,Occidental Petroleum,Site Infrastructure,3451.81,1
2024,2,Owen Electric,Sierra Wireless,7050.0,1
2024,2,Pertech,Sierra Wireless,150.0,1
2024,2,Powersouth Energy Cooperative,Cambium Networks,8159.64,1
2024,2,"Preserving Our Georgia Cemeteries, LLC",Sierra Wireless,549.42,1
2024,2,Ranger Excavating,Sierra Wireless,120.0,1
2024,2,Redline Telecom,Cambium Networks,3828.6,1
2024,2,Thiele Kaolin Company,Cambium Networks,852.34,1
2024,2,Town of Frisco,Sierra Wireless,1183.78,1
2024,2,Tri-County Electric Coop.,Sierra Wireless,2016.48,1
2024,2,UGI Utilities,Sierra Wireless,1792.5,1
2024,2,UNIVERSITY of NEBRASKA â€“ LINCOLN,Sierra Wireless,542.07,1
2024,2,University of Hawaii,Sierra Wireless,1084.72,1
2024,2,VA-KY Communications,Sierra Wireless,17300.0,1
2024,2,Vanguard Auto Design,Sierra Wireless,1622.67,1
2024,2,West Virginia American Water,Sierra Wireless,9590.4,3
2024,2,Williams Information Technology LLC,Sierra Wireless,59973.54,1
2024,2,York County,Cambium Networks,5643.76,2
2024,2,Zentro,SIAE,4814.12,2
2024,3,ATI Flat Rolled Products,Professional Services,45910.0,1
2024,3,All Phase Electric,Sierra Wireless,674.39,1
2024,3,Apergy - ChampionX,Other,17097.0,1
2024,3,Apergy - ChampionX,Sierra Wireless,18000.0,1
2024,3,"Automated Control Concepts, Inc./ Inflexion Point",Sierra Wireless,3285.47,1
2024,3,Automated Control Service,Sierra Wireless,3897.6,1
2024,3,"Cable Associates, Inc",Sierra Wireless,650.61,1
2024,3,Chicago Building Services,Sierra Wireless,862.84,1
2024,3,Clarity SSU,Sierra Wireless,516.92,1
2024,3,Cole Engineering Services/By-Light,Nokia,14400.0,2
2024,3,Collins Aerospace,Other,5000.0,1
2024,3,Complete Control Services,Sierra Wireless,3996.0,1
2024,3,Cox,Other,20876.55,2
2024,3,Customized Energy Solutions,Sierra Wireless,4020.0,3
2024,3,Entrust,Sierra Wireless,828.67,1
2024,3,EpiSci,Sierra Wireless,804.6,1
2024,3,Exelon,Sierra Wireless,114990.0,1
2024,3,Gogo Inflight,Ceragon Networks,567.12,1
2024,3,Gogo Inflight,Professional Services,1900.0,1
2024,3,HMV Group,Sierra Wireless,1743.22,1
2024,3,InDyne,Cambium Networks,33421.79,1
2024,3,Indeck Power Equipment Company,Sierra Wireless,120.0,1
2024,3,Irby Utilities,Other,188.36,1
2024,3,Irby Utilities,Sierra Wireless,170160.0,1
2024,3,J&M Security Solutions,Sierra Wireless,7345.0,1
2024,3,Johnson & Johnson,Use Cases,12352.94,1
2024,3,Lucid Trades,Sierra Wireless,3135.3,1
2024,3,Miami International Airport,Nokia,387466.0,1
2024,3,Micro Enterprise NJ,Sierra Wireless,1834.1,1
2024,3,NJ American Water,Sierra Wireless,1269.54,1
2024,3,Nomad Solutions/Apex,Cambium Networks,159145.35,3
2024,3,Norfolk Southern,Cambium Networks,36982.72,4
2024,3,Northrop Grumman,Cambium Networks,0.0,1
2024,3,Occidental Petroleum,Cambium Networks,82000.65,3
2024,3,Occidental Petroleum,Other,450.72,1
2024,3,Occidental Petroleum,Peplink,13951.82,1
2024,3,Occidental Petroleum,Use Cases,26250.0,1
2024,3,PA American Water,Sierra Wireless,4890.8,3
2024,3,Pearce Bertram +,Sierra Wireless,24566.0,1
2024,3,Perceptive Controls,Sierra Wireless,11600.7,3
2024,3,"Phillips Southern Electric Co., Inc.",Sierra Wireless,5368.0,2
2024,3,Powershare Energy Cooperative,Sierra Wireless,684.74,1
2024,3,Powersouth Energy Cooperative,Cambium Networks,6573.68,1
2024,3,"Rohde & Schwarz USA, Inc.",Other,9109.22,1
2024,3,Security 101,Sierra Wireless,1791.66,1
2024,3,Shenandoah Valley Electric CO-OP,Cambium Networks,3998.56,1
2024,3,Summit Utilities,Sierra Wireless,33368.2,3
2024,3,Tecore Networks,Other,60000.0,1
2024,3,Tecore Networks,Site Infrastructure,1000000.0,1
2024,3,Tennessee Valley Authority,Other,635.55,1
2024,3,Thiele Kaolin Company,Cambium Networks,1351.95,1
2024,3,Today's Power,Sierra Wireless,2947.04,1
2024,3,"Traffic Control Product, Inc.",Sierra Wireless,1211.11,1
2024,3,UGI Utilities,Sierra Wireless,2644.1,1
2024,3,We Energies,Sierra Wireless,43553.4,1
2024,3,West Kentucky Rural Electric,Sierra Wireless,6964.72,1
2024,3,West Virginia American Water,Sierra Wireless,799.2,1
2024,3,Western Midstream,Cambium Networks,55196.50999999999,3
2024,3,Widelity,Sierra Wireless,438.91,1
2024,3,Williams Information Technology LLC,Sierra Wireless,1326.4,1
2024,4,"ACES American Control and Engineering Service, Inc.",Sierra Wireless,1092.27,1
2024,4,AEP Texas,Sierra Wireless,1117.5,1
2024,4,ATN International,Other,4645.54,1
2024,4,American Water,Sierra Wireless,10199.0,1
2024,4,Apergy - ChampionX,Sierra Wireless,70003.5,2
2024,4,Arizona DOT,Sierra Wireless,2397.5,1
2024,4,"Automated Control Concepts, Inc./ Inflexion Point",Sierra Wireless,1069.52,1
2024,4,Baack Controls,Sierra Wireless,1004.37,1
2024,4,BlackHawk Datacom,Ceragon Networks,1525.0,1
2024,4,Budget Mentor,Sierra Wireless,4583.53,1
2024,4,Complete Control Services,Sierra Wireless,2151.12,2
2024,4,Conoco Phillips,Other,5500.0,1
2024,4,Cooperative Energy,Sierra Wireless,3262.5,1
2024,4,Cox,Cambium Networks,74087.35,6
2024,4,Delaware Electric CO-OP,Sierra Wireless,50.0,1
2024,4,Dole Fresh Vegetables,Sierra Wireless,833.72,1
2024,4,EQT,Sierra Wireless,3556.25,1
2024,4,"East Carolina Communications,LLC",Cradlepoint,3795.2,1
2024,4,Electronic Security Corporation,Sierra Wireless,372.55,1
2024,4,Energy Transfer Partners,Cambium Networks,1000000.0,1
2024,4,Energy Transfer Partners,Sierra Wireless,50000.0,1
2024,4,Essex County Office of Emergency Services,Sierra Wireless,1506.86,1
2024,4,Fiero Automation - Hartfiel,Sierra Wireless,5383.17,1
2024,4,Fleaux Services,Sierra Wireless,6239.200000000001,2
2024,4,G&C Optimization,Sierra Wireless,76782.72,1
2024,4,George E. Booth Company,Sierra Wireless,1846.18,1
2024,4,Global Capital Network,Sierra Wireless,2591.73,2
2024,4,Gogo Inflight,Ceragon Networks,2759.5,1
2024,4,HMV Group,Sierra Wireless,408.53,1
2024,4,Hilcorp,Sierra Wireless,50000.0,1
2024,4,Holiday Process Solutions,Sierra Wireless,6525.0,1
2024,4,"HydroGeoLogic, Inc",Sierra Wireless,1187.69,1
2024,4,Illinois American Water,Sierra Wireless,2397.6,2
2024,4,Indiana American Water,Sierra Wireless,434.45,1
2024,4,KYTC,Other,924.29,1
2024,4,KYTC,Sierra Wireless,12306.73,2
2024,4,Kenergy,Cambium Networks,8677.4,1
2024,4,Lighthouse Electric,Sierra Wireless,4785.4,1
2024,4,Loss Prevention Research,Sierra Wireless,440.77,1
2024,4,Motion AI,Sierra Wireless,703.39,1
2024,4,New Hampshire Electric,Sierra Wireless,3044.72,1
2024,4,Norfolk Southern,Cambium Networks,145268.33,5
2024,4,Occidental Petroleum,Cambium Networks,43457.42,3
2024,4,PA American Water,Sierra Wireless,6375.059999999999,4
2024,4,Patti Engineering,Sierra Wireless,942.8,1
2024,4,Perceptive Controls,Sierra Wireless,2532.02,3
2024,4,Pertech,Other,140.58,1
2024,4,"Phillips Southern Electric Co., Inc.",Sierra Wireless,7670.8,1
2024,4,QSI Companies,Sierra Wireless,650.59,1
2024,4,Revere Control (AW),Sierra Wireless,799.2,1
2024,4,"SCS Engineers Stearns, Conrad and Schmidt Consulting Engineers, Inc",Sierra Wireless,3804.86,1
2024,4,Sita,Cradlepoint,111113.28,1
2024,4,"Solar Technology, Inc.",Sierra Wireless,32500.0,1
2024,4,Summit Utilities,Sierra Wireless,90.0,1
2024,4,TID Water and Power  Turlock Irrigation District,Sierra Wireless,789.02,1
2024,4,"The Ritz-Carlton Residences, Inner Harbor, Baltimore",Use Cases,37848.0,1
2024,4,Trakka Systems,Sierra Wireless,3906.9,1
2024,4,UGI Utilities,Sierra Wireless,1989.6,1
2024,4,VLCM,Sierra Wireless,880.94,1
2024,4,Veolia,Sierra Wireless,650.59,1
2024,4,Vision Security Technologies,Sierra Wireless,12593.0,1
2024,4,Vision to Learn,Sierra Wireless,3071.79,1
2024,4,We Energies,Sierra Wireless,12963.6,2
2024,4,West Virginia American Water,Sierra Wireless,8359.880000000001,2
2024,4,Western Midstream,Cambium Networks,1774.3,1
2024,4,Williams Information Technology LLC,Cambium Networks,14713.64,2
2024,4,Williams Information Technology LLC,Sierra Wireless,59377.5,2
2024,4,Windhams Tech Firm,Sierra Wireless,118710.0,2
2024,4,Zentro,SIAE,9976.48,2
2024,5,ATI Flat Rolled Products,Use Cases,174.4,1
2024,5,Aclara - Hubbell Inc,Sierra Wireless,3262.5,1
2024,5,Amtrak,Sierra Wireless,2557.65,1
2024,5,Apergy - ChampionX,Sierra Wireless,28838.5,1
2024,5,Applied Connective,Sierra Wireless,471.15,1
2024,5,Avery Dennison,Sierra Wireless,924.39,1
2024,5,CEC Controls - Wood PLC,Sierra Wireless,36261.16,1
2024,5,CSX,Cambium Networks,10270.44,2
2024,5,California American Water,Sierra Wireless,1598.4,1
2024,5,Champion X,Other,6074.0,1
2024,5,City of Lewisville,Other,1285365.8,1
2024,5,ConnectSmart Systems,Peplink,705.88,1
2024,5,Consolidated Electrical Distributors,Sierra Wireless,1301.18,1
2024,5,Cooks Communications,Sierra Wireless,1008.24,1
2024,5,Desert Ready Mix,Sierra Wireless,500.0,1
2024,5,EQT,Sierra Wireless,14950.0,1
2024,5,"ETS - Engineering & Testing Services, Inc.",Sierra Wireless,1301.22,2
2024,5,Enlink,Sierra Wireless,652.5,1
2024,5,EpiSci,Sierra Wireless,1281.56,1
2024,5,Equitrans Midstream,Sierra Wireless,600.35,1
2024,5,Exelon,Sierra Wireless,1989.6,1
2024,5,Fletcher Industries,Sierra Wireless,8010.1,1
2024,5,Gogo Inflight,Other,1900.0,1
2024,5,Graybill Inc. (Alliant Energy),Sierra Wireless,53761.4,1
2024,5,Hilcorp,Sierra Wireless,87417.0,1
2024,5,Illinois American Water,Sierra Wireless,1556.81,2
2024,5,Indiana American Water,Sierra Wireless,9047.3,2
2024,5,Information Station Specialists,Sierra Wireless,676.92,1
2024,5,Irby Utilities,Sierra Wireless,14180.0,1
2024,5,J&M Security Solutions,Sierra Wireless,597.5,1
2024,5,KYTC,Cambium Networks,10000.0,1
2024,5,KYTC,Sierra Wireless,2497.78,2
2024,5,L&L Electrical,Sierra Wireless,1261.5,1
2024,5,McEnery Automation,Sierra Wireless,1278.75,1
2024,5,Miami International Airport,Nokia,6001040.0,4
2024,5,Miami International Airport,Use Cases,1331.3,1
2024,5,Missouri American Water,Sierra Wireless,790.26,1
2024,5,Norfolk Southern,Cambium Networks,519.36,1
2024,5,Norfolk Southern,Other,5000.0,1
2024,5,Occidental Petroleum,Cambium Networks,226598.41,5
2024,5,Occidental Petroleum,Other,1029.8,1
2024,5,Occidental Petroleum,Use Cases,190000.0,1
2024,5,PA American Water,Sierra Wireless,846.79,1
2024,5,"Quality Controls, Inc.",Sierra Wireless,761.18,1
2024,5,TICO Technical,Sierra Wireless,855.6,1
2024,5,"TRI-R Systems, Inc",Sierra Wireless,195.83,1
2024,5,Thiele Kaolin Company,Cambium Networks,342.72,1
2024,5,US Army,Cambium Networks,411551.22,1
2024,5,VA-KY Communications,Sierra Wireless,2442.36,1
2024,5,Virginia American Water,Sierra Wireless,1373.21,1
2024,5,Voor Residence,Sierra Wireless,1390.08,1
2024,5,Wachter,Other,12806.35,1
2024,5,We Energies,Sierra Wireless,16590.0,1
2024,5,West Virginia American Water,Sierra Wireless,16060.85,4
2024,5,Western Midstream,Cambium Networks,10437.85,2
2024,5,Wildflower International,Sierra Wireless,4560.0,1
2024,5,Williams Information Technology LLC,Sierra Wireless,50242.5,1
2024,5,Zentro,SIAE,123588.0,2
2024,5,Zumtobel Lighting Inc,Sierra Wireless,1262.6,1
2024,6,AECOM,Sierra Wireless,1740.11,1
2024,6,ATI Flat Rolled Products,Celona,66659.53,3
2024,6,ATI Flat Rolled Products,Other,62058.34,1
2024,6,ATI Flat Rolled Products,Professional Services,6841.59,1
2024,6,ATN International,Cambium Networks,23527.0,1
2024,6,Artesian Water,Sierra Wireless,2836.0,1
2024,6,Atlantic Veterinary Hospital,Peplink,281.18,1
2024,6,Bluebonnet Electric Cooperative,Sierra Wireless,6866.3,1
2024,6,Cooperative Energy,Sierra Wireless,12930.03,2
2024,6,Crawford Electric,Cradlepoint,2341.66,1
2024,6,Crawford Electric,Sierra Wireless,7275.02,1
2024,6,CrossCountry Freight Solutions,Sierra Wireless,369.79,1
2024,6,DC Department of Energy and Environment,Sierra Wireless,848.011,1
2024,6,Delaware Electric CO-OP,Sierra Wireless,50.0,1
2024,6,"Delta Services, LLC",Sierra Wireless,955.7,1
2024,6,"ETS - Engineering & Testing Services, Inc.",Sierra Wireless,1951.83,1
2024,6,Electronic Security Corporation,Peplink,780.35,1
2024,6,Empire USA,Sierra Wireless,34085.81,1
2024,6,Enlink,Sierra Wireless,3262.5,4
2024,6,Equitrans Midstream,Sierra Wireless,620.62,1
2024,6,Essex County Office of Emergency Services,Sierra Wireless,1506.86,1
2024,6,Exelon,Sierra Wireless,255240.0,1
2024,6,Fiero Automation - Hartfiel,Sierra Wireless,10835.46,1
2024,6,Floor and Decor,Other,591.43,1
2024,6,Graybar Electric,Sierra Wireless,1550.8,1
2024,6,ICA Engineering,Sierra Wireless,799.2,1
2024,6,Idemia,Sierra Wireless,65334.0,2
2024,6,Illinois American Water,Sierra Wireless,799.2,1
2024,6,Indiana American Water,Sierra Wireless,10457.25,1
2024,6,Intuitive Research and Technology Corporation,Use Cases,5127.48,1
2024,6,KYTC,Other,924.29,1
2024,6,KYTC,Sierra Wireless,200217.35,2
2024,6,M&F Mobiles Services LLC (Repair Man),Sierra Wireless,1753.79,1
2024,6,Maxim Automation,Sierra Wireless,600.49,1
2024,6,Miami International Airport,Nokia,34229.8,1
2024,6,Mirapath,Sierra Wireless,1368.3,1
2024,6,NJ American Water,Sierra Wireless,3106.29,1
2024,6,Occidental Petroleum,Cambium Networks,62374.45,4
2024,6,Occidental Petroleum,Other,19318.09,1
2024,6,Occidental Petroleum,Use Cases,80150.4,1
2024,6,Perceptive Controls,Sierra Wireless,232.05,1
2024,6,"Quality Controls, Inc.",Sierra Wireless,650.61,1
2024,6,Sage Integration,Sierra Wireless,466.61,1
2024,6,Security 101,Sierra Wireless,3275.77,1
2024,6,Serco,Cambium Networks,34504.88,1
2024,6,South Florida Water management district,Cambium Networks,10000.0,1
2024,6,Summerwood Corporation,Sierra Wireless,7420.38,1
2024,6,T and C Stamping,Peplink,1053.48,1
2024,6,"Tectonic Engineering Consultants, Geologists & Surveying DCP",Sierra Wireless,750.0,1
2024,6,Telus,Advisory Services,34504.88,1
2024,6,Texas Electric Coop,Sierra Wireless,14937.5,1
2024,6,US Army,Cambium Networks,15257.32,1
2024,6,Virginia American Water,Sierra Wireless,2714.97,2
2024,6,Vision to Learn,Sierra Wireless,15000.0,1
2024,6,We Energies,Sierra Wireless,16590.0,1
2024,6,Western Midstream,Cambium Networks,15569.98,2
2024,6,Williams Information Technology LLC,Other,10000.0,1
2024,6,Williams Information Technology LLC,Sierra Wireless,600000.0,2
2024,6,Zentro,SIAE,66996.72,3
2024,7,ATI Flat Rolled Products,Celona,87724.98,1
2024,7,ATN International,Ciena,2437.79,1
2024,7,Action Communications,Sierra Wireless,219.32,1
2024,7,American Water,Sierra Wireless,11999.0,1
2024,7,American Water Military Service  Group,Sierra Wireless,3782.07,2
2024,7,CSX,Sierra Wireless,16312.5,1
2024,7,California American Water,Sierra Wireless,1960.03,1
2024,7,Capitol Technology University ALPHA Observatory,Sierra Wireless,453.24,1
2024,7,City of Poquoson,Sierra Wireless,1623.47,1
2024,7,City of Rock hill,Sierra Wireless,300.0,1
2024,7,Conrail,Sierra Wireless,2500.0,1
2024,7,EQT,Sierra Wireless,12538.5,2
2024,7,Enlink,Sierra Wireless,1305.0,2
2024,7,Equitrans Midstream,Sierra Wireless,211.22,1
2024,7,"Erdman Video Systems, Inc.",Sierra Wireless,1700.0,1
2024,7,Essex County Office of Emergency Services,Sierra Wireless,10000.0,1
2024,7,Evans Electric Service,Sierra Wireless,500.0,1
2024,7,Exelon,Sierra Wireless,12971.86,2
2024,7,FNA Inc,Sierra Wireless,8689.97,1
2024,7,Fiero Automation - Hartfiel,Sierra Wireless,9732.06,1
2024,7,Floor and Decor,Ericsson,25000.2,1
2024,7,George E. Booth Company,Sierra Wireless,865.56,1
2024,7,Globalgig,Sierra Wireless,496.32,1
2024,7,Gogo Inflight,Ceragon Networks,24957.7,1
2024,7,Hardin Medical Center,Sierra Wireless,466.06,1
2024,7,Illinois American Water,Sierra Wireless,1315.35,1
2024,7,Indeck Power Equipment Company,Sierra Wireless,2247.22,1
2024,7,Indiana American Water,Sierra Wireless,2397.6,2
2024,7,Irby Utilities,Other,3129.5,2
2024,7,Irby Utilities,Sierra Wireless,198000.0,1
2024,7,JScource,Sierra Wireless,1000.0,1
2024,7,Jaguar and Land Rover Dealer,Sierra Wireless,900.0,1
2024,7,John's Hopkins University,Sierra Wireless,5722.29,1
2024,7,KYTC,Other,999.73,2
2024,7,KYTC,Sierra Wireless,4297.17,3
2024,7,Maxim Automation,Sierra Wireless,1200.98,1
2024,7,Missouri American Water,Sierra Wireless,1115.38,2
2024,7,NJ American Water,Sierra Wireless,1160.83,1
2024,7,Norfolk Southern,Cambium Networks,594.22,1
2024,7,Occidental Petroleum,Cambium Networks,86654.36,3
2024,7,PA American Water,Sierra Wireless,10184.0,1
2024,7,"PRATT & WHITNEY ENGINE SERVICES, INC. (Vallen)",Sierra Wireless,1443.9,1
2024,7,Perceptive Controls,Other,3866.91,2
2024,7,Perceptive Controls,Sierra Wireless,703.13,1
2024,7,Piedmont Automation,Sierra Wireless,975.0,1
2024,7,Pioneer Cellular,Sierra Wireless,2836.0,1
2024,7,Reliance Test & Technology (Formerly InDyne) Eglin,Cambium Networks,17979.34,1
2024,7,"Rohde & Schwarz USA, Inc.",Other,8470.38,1
2024,7,SENSIA LLC,Site Development,826.51,1
2024,7,Santee Cooper,Cambium Networks,51096.46,2
2024,7,Shenandoah Valley Electric CO-OP,Cambium Networks,7871.12,2
2024,7,Sign Plus,Sierra Wireless,11802.8,1
2024,7,Southern Company,Cambium Networks,7383.47,2
2024,7,State Tractor,Sierra Wireless,49187.4,1
2024,7,Summit Utilities,Sierra Wireless,108326.0,1
2024,7,Tallgrass Energy,Other,235936.55,1
2024,7,The York Water Company,Sierra Wireless,2749.41,1
2024,7,Thiele Kaolin Company,Cambium Networks,367.88,1
2024,7,Tisch Environmental,Sierra Wireless,1431.4,1
2024,7,Tri-County Electric Coop.,Cradlepoint,3519.87,1
2024,7,UGI Utilities,Sierra Wireless,2149.24,2
2024,7,Uniti Fiber,Other,11199.84,1
2024,7,"Western Express, Inc. -",Sierra Wireless,1600.0,1
2024,7,Western Midstream,Cambium Networks,1769.69,1
2024,7,Williams Information Technology LLC,Sierra Wireless,29575.0,2
2024,7,Yaham Optoelectronics,Sierra Wireless,750.0,1
2024,7,Zentro,SIAE,704105.04,2
2024,8,3 River Signs,Sierra Wireless,350.0,1
2024,8,ACT,Ceragon Networks,300.0,1
2024,8,AD Security,Sierra Wireless,2660.48,1
2024,8,ATI Flat Rolled Products,Other,73150.01,1
2024,8,ATN International,Cambium Networks,47054.0,1
2024,8,Aclara - Hubbell Inc,Sierra Wireless,6525.0,1
2024,8,Algonquin Power,Sierra Wireless,1301.18,1
2024,8,Amscot - The Money Superstore,Other,2928.97,2
2024,8,Arrowhead Automation,Sierra Wireless,1862.49,1
2024,8,Beavertails Food Truck Co.,Peplink,476.19,1
2024,8,Beck Tech,Sierra Wireless,195.01,1
2024,8,Clackamas County Water Environment Services,Sierra Wireless,4561.67,1
2024,8,Complete Control Services,Sierra Wireless,1145.44,1
2024,8,ConstructCams,Sierra Wireless,865.0,1
2024,8,"Continental Resources, Inc.",Cambium Networks,10000.0,1
2024,8,"Control Design, Inc.",Sierra Wireless,17344.0,1
2024,8,Control Systems Technology,Sierra Wireless,148.39,1
2024,8,Cooperative Energy,Sierra Wireless,2610.0,1
2024,8,EarthRes,Sierra Wireless,5420.0,1
2024,8,Exelon,Sierra Wireless,906.44,1
2024,8,Fiero Automation - Hartfiel,Sierra Wireless,4859.1,1
2024,8,Fletcher Industries,Sierra Wireless,8010.1,1
2024,8,Future Technologies Innovations LLC,Ciena,256673.09,1
2024,8,Future Technologies Innovations LLC,Nokia,8381.54,4
2024,8,Future Technologies Innovations LLC,Use Cases,11580.56,1
2024,8,GT&T,Other,6093.88,1
2024,8,George E. Booth Company,Other,2170.36,2
2024,8,Hawaii American Water,Sierra Wireless,1598.4,1
2024,8,Idemia,Sierra Wireless,11390.0,1
2024,8,Illinois American Water,Sierra Wireless,17731.1,2
2024,8,Indeck Power Equipment Company,Sierra Wireless,39.96,1
2024,8,Indiana American Water,Sierra Wireless,799.2,1
2024,8,Irby Utilities,Other,1756.5,1
2024,8,KYTC,Other,924.29,1
2024,8,KYTC,Sierra Wireless,7187.6,3
2024,8,Kentucky American Water,Sierra Wireless,799.2,1
2024,8,Maher Terminal Port Elizabeth,Use Cases,12692.94,1
2024,8,Maple Cove Camp,Sierra Wireless,1810.38,1
2024,8,Maxim Automation,Sierra Wireless,3712.03,2
2024,8,Micro Enterprise NJ,Sierra Wireless,639.05,1
2024,8,Missouri American Water,Sierra Wireless,5889.809999999999,2
2024,8,Mon Valley Integration,Sierra Wireless,2356.24,3
2024,8,NJ American Water,Sierra Wireless,2397.6,3
2024,8,NSG,Sierra Wireless,816.55,1
2024,8,Nomad Solutions/Apex,Cambium Networks,38399.25,1
2024,8,Norfolk Southern,Cambium Networks,1027.28,2
2024,8,Northeast Sammamish Sewer and Water District,Sierra Wireless,1877.1,1
2024,8,Occidental Petroleum,Cambium Networks,102798.95,5
2024,8,Occidental Petroleum,Other,96176.92,2
2024,8,Occidental Petroleum,Professional Services,1220.86,1
2024,8,Orenda,Other,10175.17,2
2024,8,PS Electric LLC,Sierra Wireless,6659.58,1
2024,8,Parsons,Sierra Wireless,1777.63,1
2024,8,Petra Consultants,Sierra Wireless,2338.56,1
2024,8,Piedmont Automation,Sierra Wireless,487.5,1
2024,8,Reliance Test & Technology (Formerly InDyne) Eglin,Cambium Networks,56975.53,1
2024,8,Setton Farms,Sierra Wireless,764.75,1
2024,8,Sonavex,Sierra Wireless,1945.85,1
2024,8,Spirit Global,Other,6220.5,1
2024,8,TID Water and Power  Turlock Irrigation District,Sierra Wireless,3945.1,1
2024,8,Tallgrass Energy,Other,109210.0,1
2024,8,Thiele Kaolin Company,Cambium Networks,436.58,1
2024,8,UGI Utilities,Sierra Wireless,8346.36,2
2024,8,Western Midstream,Cambium Networks,34348.37,2
2024,8,Williams Information Technology LLC,Cradlepoint,3432000.0,1
2024,8,Williams Information Technology LLC,Sierra Wireless,146812.5,1
2024,8,XTEC,Sierra Wireless,356.85,1
2024,8,Zentro,SIAE,492.71,1
2024,9,ACT,Cambium Networks,4437.72,1
2024,9,ACT,Ceragon Networks,1520.62,1
2024,9,ATN International,Ciena,106275.72,3
2024,9,Abarta Coca-Cola,Sierra Wireless,719.09,1
2024,9,Aclara - Hubbell Inc,Sierra Wireless,1393.43,1
2024,9,Apergy - ChampionX,Sierra Wireless,28838.5,1
2024,9,CSX,Cambium Networks,56487.42,2
2024,9,California American Water,Sierra Wireless,799.2,1
2024,9,Chevron,Sierra Wireless,25000.0,1
2024,9,Conoco Phillips,Other,100000.0,1
2024,9,Control Systems NW,Sierra Wireless,9203.939999999999,5
2024,9,Cooperative Energy,Sierra Wireless,3321.8,2
2024,9,Cox,Cambium Networks,81.35,1
2024,9,Custom Machine Controls,Sierra Wireless,795.31,1
2024,9,DKS Associates,Sierra Wireless,1032.53,1
2024,9,DSC Communications,Sierra Wireless,700.0,1
2024,9,EQT,Sierra Wireless,22242.5,1
2024,9,Enlink,Sierra Wireless,7177.5,5
2024,9,Enterprise Products,GE,7668.35,1
2024,9,Exelon,Sierra Wireless,114990.0,1
2024,9,Fiero Automation - Hartfiel,Sierra Wireless,272.03,1
2024,9,Fleaux Services,Sierra Wireless,1134.4,1
2024,9,Future Technologies Innovations LLC,Nokia,2109590.98,4
2024,9,Future Technologies Innovations LLC,Other,20126.26,1
2024,9,Future Technologies Innovations LLC,Use Cases,31422.38,1
2024,9,GE Verona,Professional Services,13257.26,1
2024,9,Hubbell Inc,Sierra Wireless,762.73,1
2024,9,Illinois American Water,Sierra Wireless,145907.21,2
2024,9,Indeck Power Equipment Company,Sierra Wireless,3393.27,1
2024,9,Indiana American Water,Sierra Wireless,799.2,1
2024,9,KYTC,Sierra Wireless,184042.8,2
2024,9,Lower Colorado River Authority,Sierra Wireless,50000.0,1
2024,9,Maher Terminal Port Elizabeth,Nokia,807.63,1
2024,9,Maxim Automation,Sierra Wireless,2735.6,1
2024,9,Midwest Tractor Sales,Sierra Wireless,862.27,1
2024,9,Missouri American Water,Sierra Wireless,19741.28,4
2024,9,Mon Valley Integration,Sierra Wireless,821.64,1
2024,9,Monumental Sports,Cambium Networks,59123.26,1
2024,9,NJ American Water,Sierra Wireless,49788.4,1
2024,9,Network Builders IT,Sierra Wireless,719.09,1
2024,9,Norfolk Southern,Cambium Networks,30178.97,2
2024,9,Occidental Petroleum,Cambium Networks,17818.56,3
2024,9,Occidental Petroleum,Other,9480.95,1
2024,9,Omega International,Other,2103.66,1
2024,9,PA American Water,Sierra Wireless,1598.4,2
2024,9,Pedro Performance Car Racing,Site Development,150.0,1
2024,9,Perceptive Controls,Cradlepoint,555.1,1
2024,9,Perceptive Controls,Sierra Wireless,1628.8,1
2024,9,Phoenix System,Sierra Wireless,4641.28,1
2024,9,Pioneer Cellular,Sierra Wireless,2836.0,1
2024,9,Powersouth Energy Cooperative,Cambium Networks,23429.98,1
2024,9,Powersouth Energy Cooperative,Sierra Wireless,552.96,1
2024,9,Rathbun Regional Water Association,Sierra Wireless,5857.5,1
2024,9,Redline Telecom,Cambium Networks,3841.33,1
2024,9,Rock Springs High School FB,Sierra Wireless,1000.0,1
2024,9,Santee Cooper,Cambium Networks,6340.68,1
2024,9,Sign Plus,Sierra Wireless,11175.0,1
2024,9,Specialist Commercial Solutions,Cradlepoint,831.6,1
2024,9,"TRI-R Systems, Inc",Sierra Wireless,8281.21,1
2024,9,Tennessee Valley Authority,Sierra Wireless,3303.8,1
2024,9,UGI Utilities,Sierra Wireless,7295.2,2
2024,9,Vermillion Systems,Sierra Wireless,6585.36,1
2024,9,Wachter,Use Cases,3060.42,1
2024,9,West Virginia American Water,Sierra Wireless,41978.32,2
2024,9,Wunderlich-Malec Engineering,Sierra Wireless,779.52,1
2024,9,Zentro,SIAE,3397.65,3
2024,10,ATI Flat Rolled Products,Celona,8708.33,1
2024,10,ATI Flat Rolled Products,Cradlepoint,629.39,1
2024,10,Ashtontek,Celona,3003038.23,1
2024,10,"Automated Control Concepts, Inc./ Inflexion Point",Sierra Wireless,1958.34,2
2024,10,Avarisource,Ericsson,2823530.4,1
2024,10,Boldyn Networks,Cambium Networks,17784.55,1
2024,10,Britt Rice Electric,Sierra Wireless,2799.66,1
2024,10,CSX,Cambium Networks,26172.9,3
2024,10,California American Water,Sierra Wireless,2233.67,2
2024,10,Cambridge International Services,Cambium Networks,126557.41,1
2024,10,Coastal Conversions,Sierra Wireless,1042.19,1
2024,10,Commnet Broadband,Ciena,2293.54,1
2024,10,Commnet Broadband,Other,49595.25,1
2024,10,Complete Control Services,Sierra Wireless,1598.4,1
2024,10,"Continental Resources, Inc.",Cambium Networks,100000.0,1
2024,10,Control Systems NW,Sierra Wireless,3671.81,3
2024,10,DCB Elevator,Sierra Wireless,1000.0,1
2024,10,Design Solutions & Integration,Sierra Wireless,761.18,1
2024,10,EQT,Sierra Wireless,52554.4,2
2024,10,"ETS - Engineering & Testing Services, Inc.",Sierra Wireless,1951.83,1
2024,10,East Kentucky Power Cooperative,Sierra Wireless,11344.0,1
2024,10,Energy Transfer Partners,Other,2454.0,1
2024,10,Enlink,Sierra Wireless,1305.0,2
2024,10,Exelon,Sierra Wireless,280940.17,3
2024,10,Fletcher Industries,Sierra Wireless,22103.1,1
2024,10,Future Technologies Innovations LLC,Ciena,1832.23,1
2024,10,Future Technologies Innovations LLC,Nokia,481316.68,1
2024,10,Future Technologies Innovations LLC,Use Cases,4628.0,1
2024,10,Groveport Police Department,Sierra Wireless,4838.91,1
2024,10,Hardin Medical Center,Sierra Wireless,466.06,1
2024,10,Hudson Fire Department,Sierra Wireless,891.57,1
2024,10,ICA Engineering,Sierra Wireless,799.2,1
2024,10,Illinois American Water,Sierra Wireless,15226.76,2
2024,10,Iowa American Water,Sierra Wireless,5594.4,1
2024,10,KYTC,Sierra Wireless,86836.75,1
2024,10,Kennedy Industries,Sierra Wireless,1559.04,1
2024,10,Kredit Automation & Controls,Sierra Wireless,850.36,1
2024,10,Maher Terminal Port Elizabeth,Use Cases,67.51,1
2024,10,Miami International Airport,Nokia,204276.67,1
2024,10,Micro Enterprise NJ,Sierra Wireless,1327.65,1
2024,10,Missouri American Water,Other,442.38,2
2024,10,Missouri American Water,Sierra Wireless,3840.6,1
2024,10,Mon Valley Integration,Sierra Wireless,2414.92,2
2024,10,NJ American Water,Sierra Wireless,43785.5,2
2024,10,Nerds on Standby Inc,Peplink,1188.08,1
2024,10,Norfolk Southern,Cambium Networks,346.24,1
2024,10,Occidental Petroleum,Other,8864.55,2
2024,10,PA American Water,Sierra Wireless,18028.49,5
2024,10,Perceptive Controls,Sierra Wireless,558.75,1
2024,10,Powersouth Energy Cooperative,Cambium Networks,6573.68,1
2024,10,Russell Pacific,Sierra Wireless,4788.25,1
2024,10,SSi Canada,Use Cases,653.94,1
2024,10,Shenandoah Valley Electric CO-OP,Sierra Wireless,10810.7,2
2024,10,Trans Terra,Sierra Wireless,2723.25,1
2024,10,Truckee Meadows Water Authority,Sierra Wireless,2970.0,1
2024,10,UGI Utilities,Sierra Wireless,4615.28,2
2024,10,US Navy - NFEXWC PHE California,Cambium Networks,60000.0,1
2024,10,West Virginia American Water,Sierra Wireless,60221.9,3
2024,10,Western Midstream,Cambium Networks,29419.26,1
2024,10,Western Midstream,Other,3120.09,1
2024,10,WiLine,Ceragon Networks,32251.34,1
2024,10,Williams Information Technology LLC,Sierra Wireless,87463.5,4
2024,10,Zentro,SIAE,218.82,1
2024,11,Akila,Peplink,5950.0,1
2024,11,Alpine Fund,Sierra Wireless,394.12,1
2024,11,CSX,Cambium Networks,6976.98,2
2024,11,City of Vernon,Sierra Wireless,4325.0,2
2024,11,ConstructCams,Sierra Wireless,4325.0,1
2024,11,Control Systems NW,Sierra Wireless,1075.27,1
2024,11,Cooks Communications,Sierra Wireless,1769.05,1
2024,11,Dynamic Automation LTD.,Sierra Wireless,177.29,1
2024,11,Enlink,Sierra Wireless,1957.5,2
2024,11,Exelon,Other,418.06,1
2024,11,Exelon,Sierra Wireless,1988.25,1
2024,11,Exxon Mobil,Cambium Networks,9382.01,1
2024,11,Fischer Block,Sierra Wireless,2338.56,1
2024,11,Fleaux Services,Peplink,3500.0,1
2024,11,Future Technologies Innovations LLC,Cambium Networks,9154.0,1
2024,11,Future Technologies Innovations LLC,Ciena,1783.33,1
2024,11,Future Technologies Innovations LLC,Nokia,34320.27,3
2024,11,George E. Booth Company,Sierra Wireless,1152.86,1
2024,11,Graybar Electric,Sierra Wireless,800.0,1
2024,11,Hyster-Yale Materials Handling,Sierra Wireless,40000.0,1
2024,11,Illinois American Water,Sierra Wireless,1437.0,1
2024,11,Indeck Power Equipment Company,Sierra Wireless,233.33,1
2024,11,Johnson Barrow Controls,Sierra Wireless,903.48,1
2024,11,Lufthansa,Ericsson,10089.29,1
2024,11,Lumin8,Other,472.65,1
2024,11,Lumin8,Sierra Wireless,1773.83,1
2024,11,Maher Terminal Port Elizabeth,Use Cases,622.9,1
2024,11,Maxim Automation,Sierra Wireless,6839.0,1
2024,11,Mon Valley Integration,Sierra Wireless,2801.13,4
2024,11,NJ American Water,Sierra Wireless,4255.96,3
2024,11,NMTS New Mexico Tech Seismological Observatory,Sierra Wireless,1554.14,1
2024,11,Nerds on Standby Inc,Peplink,530.46,1
2024,11,Norfolk Southern,Cambium Networks,2769.92,3
2024,11,Occidental Petroleum,Cambium Networks,23374.38,2
2024,11,Occidental Petroleum,Cradlepoint,3895.52,2
2024,11,Occidental Petroleum,Other,55285.08,2
2024,11,Occidental Petroleum,Professional Services,2180.0,1
2024,11,PA American Water,Sierra Wireless,23892.0,1
2024,11,Perceptive Controls,Sierra Wireless,1392.7,1
2024,11,"Quality Controls, Inc.",Sierra Wireless,650.61,1
2024,11,RBO Technology,Sierra Wireless,1424.21,1
2024,11,Remote Camera Systems,Sierra Wireless,800.0,1
2024,11,Scout Motors,Sierra Wireless,3150.36,1
2024,11,TID Water and Power  Turlock Irrigation District,Sierra Wireless,4567.5,1
2024,11,"TRI-R Systems, Inc",Sierra Wireless,8327.76,1
2024,11,Techneaux,Sierra Wireless,696.47,1
2024,11,Texas Electric Coop,Sierra Wireless,12187.5,1
2024,11,Town & Country Group,Sierra Wireless,483.69,1
2024,11,Triton Systems,Sierra Wireless,1673.18,1
2024,11,VLCM,Sierra Wireless,880.94,1
2024,11,Valor Outfitters,Sierra Wireless,5722.76,1
2024,11,Wachter,Use Cases,178.97,1
2024,11,Western Midstream,Cambium Networks,899.4,1
2024,11,Zentro,SIAE,211.76,1
2024,11,Zumtobel Lighting Inc,Sierra Wireless,64.6,1
2024,12,AVFuel Corp,Sierra Wireless,2064.29,1
2024,12,Abarta Coca-Cola,Sierra Wireless,719.09,1
2024,12,"Allied Control Services, Inc.",Sierra Wireless,3398.9,2
2024,12,Apergy - ChampionX,Sierra Wireless,45000.0,1
2024,12,California American Water,Sierra Wireless,7992.0,1
2024,12,Cleveland Utilities,Sierra Wireless,3118.08,2
2024,12,Corning Inc.,Sierra Wireless,902.44,1
2024,12,Craictek,Sierra Wireless,9758.85,1
2024,12,EQT,Sierra Wireless,3737.5,1
2024,12,Electronic Security Corporation,Sierra Wireless,1449.42,3
2024,12,Enlink,Sierra Wireless,1957.5,2
2024,12,Essex County Office of Emergency Services,Sierra Wireless,3080.0,1
2024,12,Exxon Mobil,Cambium Networks,8822.32,1
2024,12,GFL Defense,Sierra Wireless,12838.84,1
2024,12,George E. Booth Company,Other,119.58,1
2024,12,Goodyear Tire,Sierra Wireless,940.48,1
2024,12,ICA Engineering,Sierra Wireless,799.2,1
2024,12,Illinois American Water,Sierra Wireless,5160.860000000001,3
2024,12,Indeck Power Equipment Company,Sierra Wireless,3021.24,1
2024,12,KYTC,Sierra Wireless,263.3,1
2024,12,Maxim Automation,Sierra Wireless,15009.07,4
2024,12,Miami International Airport,Use Cases,20055.8,1
2024,12,Norfolk Southern,Cambium Networks,144921.21,3
2024,12,Perceptive Controls,Sierra Wireless,1326.4,1
2024,12,Shenandoah Valley Electric CO-OP,Other,1527.9,1
2024,12,Shenandoah Valley Electric CO-OP,Site Development,28928.61,1
2024,12,Sign Plus,Sierra Wireless,6728.16,1
2024,12,Southern Company,Cambium Networks,2866.46,1
2024,12,We Energies,Sierra Wireless,55300.0,1
2024,12,Williams Information Technology LLC,Other,100000.0,1
2024,12,Williams Information Technology LLC,Sierra Wireless,1831.0,1
2024,12,XTEC,Sierra Wireless,23.4,1
2024,12,Zentro,SIAE,7117.6,1
2025,1,ACT,Other,1862.35,1
2025,1,Acoustic Technology Inc,Sierra Wireless,1283.8,1
2025,1,"Allied Control Services, Inc.",Sierra Wireless,1359.56,1
2025,1,"Blackdragon Networks, LLC",Sierra Wireless,622.32,1
2025,1,City of Vernon,Sierra Wireless,4325.0,1
2025,1,Control Systems NW,Sierra Wireless,808.67,1
2025,1,Cooperative Energy,Sierra Wireless,6525.0,1
2025,1,Cox,Cambium Networks,2909.08,4
2025,1,Deloitte,Other,1000000.0,1
2025,1,Deloitte,Professional Services,1000000.0,1
2025,1,Enlink,Sierra Wireless,1305.0,2
2025,1,Exelon,Sierra Wireless,11344.0,1
2025,1,Exxon Mobil,GE,718290.0,1
2025,1,Fiero Automation - Hartfiel,Sierra Wireless,1019.53,1
2025,1,Fletcher Industries,Sierra Wireless,14896.0,1
2025,1,Graybill Inc. (Alliant Energy),Sierra Wireless,21944.56,1
2025,1,Illinois American Water,Other,389.65,1
2025,1,Illinois American Water,Sierra Wireless,4232.700000000001,2
2025,1,Indiana American Water,Sierra Wireless,20428.4,3
2025,1,Irby Utilities,Other,1756.5,1
2025,1,J&M Security Solutions,Sierra Wireless,4893.92,1
2025,1,KYTC,Other,1848.58,2
2025,1,Maher Terminal Port Elizabeth,Use Cases,14292.61,1
2025,1,Maxim Automation,Sierra Wireless,12994.1,2
2025,1,Miami International Airport,Nokia,47370.4,1
2025,1,NJ American Water,Sierra Wireless,8596.56,1
2025,1,NSG,Sierra Wireless,779.52,1
2025,1,Navistar,Sierra Wireless,1119.56,2
2025,1,Nerds on Standby Inc,Peplink,2523.8,1
2025,1,Norfolk Southern,Cambium Networks,24412.48,3
2025,1,Occidental Petroleum,Cradlepoint,2639.38,2
2025,1,Occidental Petroleum,Ericsson,38512.5,1
2025,1,Occidental Petroleum,Site Infrastructure,498.88,1
2025,1,PA American Water,Sierra Wireless,177.29,1
2025,1,Paladin Technologies,Cradlepoint,1000.0,1
2025,1,Paladin Technologies,Sierra Wireless,483.69,1
2025,1,Perceptive Controls,Cradlepoint,558.65,1
2025,1,Perceptive Controls,Sierra Wireless,558.75,1
2025,1,"Phillips Southern Electric Co., Inc.",Sierra Wireless,2509.86,2
2025,1,Piedmont Automation,Sierra Wireless,487.5,1
2025,1,Powersouth Energy Cooperative,Cambium Networks,3840.76,1
2025,1,Process Solutions Integration,GE,5368.92,1
2025,1,"SGCCE, INC SouthEast Georgia Computer Consulting & Engineering, Inc.",Peplink,1223.52,1
2025,1,Salas O'Brien,Sierra Wireless,9211.65,1
2025,1,Santee Cooper,Cambium Networks,25448.02,2
2025,1,Sea Air Federal Credit Union,Sierra Wireless,800.0,1
2025,1,Sonavex,Sierra Wireless,150.0,1
2025,1,Southern Company,Cambium Networks,24343.13,3
2025,1,TICO Technical,Sierra Wireless,855.6,1
2025,1,Tennessee Valley Authority,Sierra Wireless,1223.04,1
2025,1,Texas Electric Coop,Sierra Wireless,58170.5,3
2025,1,The York Water Company,Sierra Wireless,9928.619999999999,3
2025,1,Tri-City Electric,Sierra Wireless,1046.59,1
2025,1,Tri-County Electric Coop.,Cradlepoint,2105.94,1
2025,1,University of Minnesota,Sierra Wireless,2266.2,1
2025,1,Valley Automation,Sierra Wireless,940.57,1
2025,1,West Coast Solar Energy,Sierra Wireless,756.8,1
2025,1,West Virginia American Water,Sierra Wireless,8791.2,6
2025,1,Western Midstream,Cambium Networks,48222.3,2
2025,1,Williams Information Technology LLC,GE,1864.0,1
2025,1,Williams Information Technology LLC,Sierra Wireless,65119.16,2
2025,1,Zentro,SIAE,3681.8,1
2025,2,ATI Flat Rolled Products,Celona,88274.97,1
2025,2,ATI Flat Rolled Products,Other,17399.56,1
2025,2,"Allied Control Services, Inc.",Sierra Wireless,11809.64,2
2025,2,Apergy - ChampionX,Other,12649.0,1
2025,2,CEC Controls,Sierra Wireless,3023.36,1
2025,2,CSX,Cambium Networks,26149.1,1
2025,2,Conrail,Sierra Wireless,3502.5,1
2025,2,Control Systems NW,Sierra Wireless,697.37,1
2025,2,DLA Pearl Harbor,Cambium Networks,142799.22,1
2025,2,DR Controls,Sierra Wireless,724.39,2
2025,2,Delaware Electric CO-OP,Sierra Wireless,27937.5,1
2025,2,Dominion Energy Transmission,Sierra Wireless,10000.0,1
2025,2,"ETS - Engineering & Testing Services, Inc.",Sierra Wireless,1951.83,1
2025,2,"East Carolina Communications,LLC",Other,613.8,1
2025,2,Electronic Security Corporation,Sierra Wireless,966.28,1
2025,2,Energy Transfer Partners,GE,26497.77,1
2025,2,Enlink,Sierra Wireless,5872.5,7
2025,2,Enterprise Products,GE,6398.19,2
2025,2,Exelon,Sierra Wireless,17521.85,5
2025,2,Fleaux Services,Peplink,2100.0,1
2025,2,Future Technologies Innovations LLC,Cambium Networks,34158.68,5
2025,2,Future Technologies Innovations LLC,Other,332527.77,5
2025,2,Future Technologies Innovations LLC,Professional Services,243004.2,1
2025,2,George E. Booth Company,Sierra Wireless,916.47,1
2025,2,Go Time Digital,Peplink,333.0,1
2025,2,Illinois American Water,Other,16471.0,1
2025,2,Illinois American Water,Sierra Wireless,3274.73,2
2025,2,KTA Security,Sierra Wireless,1028.91,1
2025,2,Keys Energy Services,Sierra Wireless,1332.54,1
2025,2,Layer 2 Tech,Sierra Wireless,3481.87,1
2025,2,Loftus Labs,Sierra Wireless,456.1,1
2025,2,Maher Terminal Port Elizabeth,Use Cases,8074.2,1
2025,2,Maryland American Water,Sierra Wireless,799.2,1
2025,2,Maxim Automation,Sierra Wireless,3729.93,1
2025,2,Missouri American Water,Sierra Wireless,2787.27,1
2025,2,NJ American Water,Sierra Wireless,3196.8,1
2025,2,Norfolk Southern,Cambium Networks,1063.74,2
2025,2,Occidental Petroleum,Cradlepoint,389.24,1
2025,2,Occidental Petroleum,Ericsson,5628.0,1
2025,2,Occidental Petroleum,GE,33822.25,1
2025,2,Occidental Petroleum,Other,17486.8,2
2025,2,Optra Ventures,Sierra Wireless,766.0,1
2025,2,PA American Water,Sierra Wireless,10651.88,10
2025,2,Powersouth Energy Cooperative,Cambium Networks,11015.84,4
2025,2,Ross Valley Sanitary District,Sierra Wireless,2069.61,1
2025,2,"SGCCE, INC SouthEast Georgia Computer Consulting & Engineering, Inc.",Peplink,1223.52,1
2025,2,Shenandoah Valley Electric CO-OP,Sierra Wireless,5852.9,1
2025,2,Sign Plus,Sierra Wireless,25623.75,3
2025,2,Southern Company,Cambium Networks,5933.38,1
2025,2,"TRI-R Systems, Inc",Sierra Wireless,344.94,1
2025,2,TUD Water Tuolumne Utilities District,Sierra Wireless,752.38,1
2025,2,Tellus Products LLC,Sierra Wireless,1370.13,1
2025,2,TraC-N-trol Inc.,Sierra Wireless,752.38,1
2025,2,West Virginia American Water,Sierra Wireless,799.2,1
2025,2,Western Midstream,GE,68493.66,2
2025,2,Williams Information Technology LLC,Sierra Wireless,78165.27,3
2025,2,Zentro,SIAE,1375.0,1
2025,3,ATI Flat Rolled Products,Use Cases,6876.9,1
2025,3,Aion Robotics Corportation,Sierra Wireless,1600.0,1
2025,3,All Electric,Sierra Wireless,1629.78,1
2025,3,"Allied Control Services, Inc.",Sierra Wireless,5112.51,4
2025,3,American Water,Sierra Wireless,799.2,1
2025,3,Arizona DOT,Sierra Wireless,2905.0,1
2025,3,Artesian Water,Sierra Wireless,2987.5,1
2025,3,"Automated Control Concepts, Inc./ Inflexion Point",Sierra Wireless,2230.38,1
2025,3,"Blackdragon Networks, LLC",Sierra Wireless,25.68,1
2025,3,CEC Controls,Other,8000.0,1
2025,3,CSX,Cambium Networks,125515.68,2
2025,3,Climatemaster Inc,Sierra Wireless,740.98,1
2025,3,Cogar Manufacturing,Sierra Wireless,3018.75,1
2025,3,ConstructCams,Sierra Wireless,4325.0,1
2025,3,Control Systems NW,Sierra Wireless,2181.17,1
2025,3,Cooperative Energy,Sierra Wireless,9350.0,1
2025,3,Cox,Cambium Networks,2489.48,1
2025,3,EQT,Sierra Wireless,21552.64,2
2025,3,"ETS - Engineering & Testing Services, Inc.",Sierra Wireless,4554.27,2
2025,3,Energy Transfer Partners,GE,29103.62,1
2025,3,Enlink,Sierra Wireless,1305.0,2
2025,3,Enterprise Products,GE,1362.35,1
2025,3,Enterprise Products,Other,6222.89,1
2025,3,Exelon,Sierra Wireless,752.48,1
2025,3,Fletcher Industries,Sierra Wireless,4573.29,1
2025,3,Future Technologies Innovations LLC,Cambium Networks,36858.0,1
2025,3,Future Technologies Innovations LLC,Nokia,71820.0,1
2025,3,Future Technologies Innovations LLC,Other,35414.1,4
2025,3,Future Technologies Innovations LLC,Site Infrastructure,19444.45,1
2025,3,K6LNI,Sierra Wireless,808.04,1
2025,3,KYTC,Other,924.29,1
2025,3,Miami International Airport,Other,294.34,1
2025,3,NJ American Water,Sierra Wireless,9447.64,2
2025,3,Norfolk Southern,Cambium Networks,6205.15,3
2025,3,Occidental Petroleum,Cambium Networks,33914.93,2
2025,3,Occidental Petroleum,Cradlepoint,17587.5,1
2025,3,Occidental Petroleum,Ericsson,21105.0,2
2025,3,Occidental Petroleum,GE,451622.25,2
2025,3,Occidental Petroleum,Site Infrastructure,287169.14,3
2025,3,Orenda,Other,321.69,1
2025,3,PA American Water,Sierra Wireless,77856.56,7
2025,3,Perceptive Controls,Sierra Wireless,676.8,1
2025,3,Powersouth Energy Cooperative,Other,993.6,1
2025,3,Rosewood Consulting,Sierra Wireless,3348.82,1
2025,3,Shenandoah Valley Electric CO-OP,Site Development,25000.0,1
2025,3,Sign Plus,Sierra Wireless,941.7,1
2025,3,Sonavex,Sierra Wireless,1995.85,1
2025,3,Southern Company,Cambium Networks,21701.66,3
2025,3,Summit Utilities,Sierra Wireless,25257.5,1
2025,3,Tri-County Electric Coop.,Sierra Wireless,5439.48,1
2025,3,University of Minnesota,Sierra Wireless,47.55,1
2025,3,Western Midstream,Cambium Networks,6250.26,3
2025,3,Williams Information Technology LLC,Peplink,10000.0,1
2025,3,Williams Information Technology LLC,Sierra Wireless,117078.86,2
2025,4,"Allied Control Services, Inc.",Sierra Wireless,679.78,1
2025,4,Apergy - ChampionX,Sierra Wireless,18000.0,1
2025,4,Bluebonnet Electric Cooperative,Sierra Wireless,6885.8,1
2025,4,California American Water,Sierra Wireless,9590.4,3
2025,4,City of Vernon,Sierra Wireless,4325.0,1
2025,4,Conrail,Sierra Wireless,10000.0,2
2025,4,Control Systems NW,Other,50.0,1
2025,4,Control Systems NW,Sierra Wireless,4339.24,1
2025,4,EQT,Sierra Wireless,37375.0,1
2025,4,"East Carolina Communications,LLC",Cradlepoint,6633.4,1
2025,4,Enlink,Sierra Wireless,1957.5,2
2025,4,Enterprise Products,GE,317.65,1
2025,4,Exelon,Sierra Wireless,8245.7,2
2025,4,Exxon Mobil,Cambium Networks,185430.74,5
2025,4,Fleaux Services,Peplink,3720.0,2
2025,4,Foundation & Geotechnical Engineering LLC,Sierra Wireless,804.89,1
2025,4,Future Technologies Innovations LLC,Cambium Networks,1768.75,1
2025,4,Future Technologies Innovations LLC,Nokia,5560.87,1
2025,4,Future Technologies Innovations LLC,Other,55269.55,2
2025,4,Future Technologies Innovations LLC,Sierra Wireless,6311.4,1
2025,4,Future Technologies Innovations LLC,Site Infrastructure,60862.89,1
2025,4,Green Grid Inc.,Sierra Wireless,1013.11,1
2025,4,Hawaii American Water,Sierra Wireless,8856.77,2
2025,4,ICA Engineering,Sierra Wireless,1252.93,1
2025,4,ITC Electrical,Sierra Wireless,3000.0,1
2025,4,Illinois American Water,Sierra Wireless,1875.0,1
2025,4,Indeck Power Equipment Company,Sierra Wireless,300.0,1
2025,4,Indiana American Water,Sierra Wireless,19860.2,3
2025,4,K6LNI,Sierra Wireless,800.0,1
2025,4,KYTC,Sierra Wireless,34048.54,1
2025,4,Maher Terminal Port Elizabeth,Nokia,20234.06,2
2025,4,Maher Terminal Port Elizabeth,Use Cases,62409.36,1
2025,4,MediaQuest Outdoor,Sierra Wireless,750.0,2
2025,4,Miami International Airport,Nokia,150626.17,1
2025,4,Missouri American Water,Sierra Wireless,1292.27,1
2025,4,NH DOT,Sierra Wireless,6692.3,1
2025,4,NJ American Water,Sierra Wireless,15869.65,1
2025,4,NOVEC,Cambium Networks,2849.38,1
2025,4,Norfolk Southern,Cambium Networks,566.73,1
2025,4,Oak Ridge National Lab,Sierra Wireless,820.63,1
2025,4,Occidental Petroleum,Cambium Networks,1327418.56,5
2025,4,Occidental Petroleum,Cradlepoint,340153.5,3
2025,4,Occidental Petroleum,Ericsson,415.81,1
2025,4,Occidental Petroleum,GE,518031.8,4
2025,4,Occidental Petroleum,Other,82362.48,2
2025,4,Occidental Petroleum,Site Infrastructure,1422.4,1
2025,4,Ohio Valley Electrical Services,Sierra Wireless,813.83,1
2025,4,PA American Water,Sierra Wireless,50863.00000000001,28
2025,4,Powersouth Energy Cooperative,Cambium Networks,3487.2,1
2025,4,Proline Technology,Sierra Wireless,331.46,2
2025,4,Reworld,Sierra Wireless,1283.66,1
2025,4,Rovisys,Sierra Wireless,2835.64,1
2025,4,Southern Company,Cambium Networks,10000.0,1
2025,4,Teknitrade,Sierra Wireless,50800.0,2
2025,4,Today's Power,Sierra Wireless,1817.5,1
2025,4,Town & Country Group,Sierra Wireless,483.69,1
2025,4,UGI Utilities,Sierra Wireless,1513.62,1
2025,4,University of Colorado Boulder,Sierra Wireless,3670.45,1
2025,4,Vaso Technology Netwolves,Cradlepoint,8788.25,1
2025,4,Virginia American Water,Sierra Wireless,799.2,1
2025,4,Western Midstream,Cambium Networks,24189.02,1
2025,4,Westlake,Sierra Wireless,789.02,1
2025,5,ATI Flat Rolled Products,Celona,4112.5,1
2025,5,Acoustic Technology Inc,Sierra Wireless,44934.31,1
2025,5,CSX,Cambium Networks,10628.15,1
2025,5,California American Water,Sierra Wireless,6105.3,1
2025,5,Castro IT,Sierra Wireless,2029.95,1
2025,5,Champion X,Other,245.73,1
2025,5,City of Rock hill,Sierra Wireless,300.0,1
2025,5,Cox,Cambium Networks,37.19,1
2025,5,Dynasty Motorcoach LLC,Sierra Wireless,1045.12,1
2025,5,EQT,Sierra Wireless,663.0,1
2025,5,Enlink,Sierra Wireless,2610.0,2
2025,5,Exelon,Sierra Wireless,171.25,1
2025,5,Exxon Mobil,Cambium Networks,47510.28,5
2025,5,Exxon Mobil,Ceragon Networks,3554.67,1
2025,5,Fleaux Services,Peplink,3629.4,1
2025,5,Fletcher Industries,Sierra Wireless,7367.7,1
2025,5,Future Technologies Innovations LLC,Other,2599.0,2
2025,5,Green Grid Inc.,Sierra Wireless,1047.81,1
2025,5,ICS Electrical Services,Sierra Wireless,1263.71,1
2025,5,"ISUZU Technical Center of America, Inc.",Sierra Wireless,2678.3,1
2025,5,Inframark,Sierra Wireless,1648.44,1
2025,5,Maxim Automation,Sierra Wireless,1367.8,1
2025,5,McEnery Automation,Sierra Wireless,3500.98,1
2025,5,Miami International Airport,Nokia,590.0,1
2025,5,Midwest Security Services,Sierra Wireless,1504.38,1
2025,5,Missouri American Water,Sierra Wireless,1538.62,1
2025,5,Mon Valley Integration,Sierra Wireless,2092.07,3
2025,5,NJ American Water,Sierra Wireless,74427.36,1
2025,5,Nazari Capital,Other,22500.0,1
2025,5,Norfolk Southern,Cambium Networks,2457.6,1
2025,5,Occidental Petroleum,Cambium Networks,9811.22,4
2025,5,Occidental Petroleum,Other,12074.32,2
2025,5,Occidental Petroleum,Site Infrastructure,16490.62,2
2025,5,Occidental Petroleum,Use Cases,19817.39,2
2025,5,PA American Water,Sierra Wireless,32105.6,2
2025,5,Proline Technology,Sierra Wireless,335.38,1
2025,5,Rappahannock Electric Cooperative,Sierra Wireless,115788.25,1
2025,5,Rosewood Consulting,Sierra Wireless,1389.92,1
2025,5,Snapping Shoals EMC,Sierra Wireless,691.64,1
2025,5,South Coast Controls,Sierra Wireless,855.61,1
2025,5,Southern Company,Cambium Networks,5654.879999999999,2
2025,5,"Spectra Automation, Ltd.",Sierra Wireless,1038.88,1
2025,5,Tennessee American Water,Sierra Wireless,3921.66,1
2025,5,Turkey Creek Fire,Sierra Wireless,1238.34,1
2025,5,Uniti Fiber,Other,8458.66,2
2025,5,Vision to Learn,Sierra Wireless,90.0,1
2025,5,Western Midstream,Site Infrastructure,73.64,1
2025,5,Williams Information Technology LLC,Sierra Wireless,1603.82,1
2025,5,Zentro,SIAE,7287.2,2
2025,6,"A Plus Termite Fumigation, Inc.",Sierra Wireless,1613.33,1
2025,6,ATI Flat Rolled Products,Celona,87541.66,1
2025,6,ATI Flat Rolled Products,Use Cases,3438.45,1
2025,6,Acoustic Technology Inc,Sierra Wireless,1256.48,1
2025,6,"Allied Control Services, Inc.",Sierra Wireless,2719.12,1
2025,6,Ampli-fi,Ericsson,150000.0,1
2025,6,Britt Rice Electric,Sierra Wireless,933.22,1
2025,6,Brown Engineers,Sierra Wireless,800.0,1
2025,6,California American Water,Sierra Wireless,30969.9,3
2025,6,Control Systems NW,Sierra Wireless,34.77,1
2025,6,Crowd Strike,Sierra Wireless,1654.18,1
2025,6,Dalton Utilities - Dutil,Sierra Wireless,1578.04,1
2025,6,Drov Technologies,Other,2672.1,1
2025,6,EQT,Sierra Wireless,22395.18,3
2025,6,Elevated Networks,Sierra Wireless,330.91,1
2025,6,Enlink,Sierra Wireless,3915.0,3
2025,6,Enterprise Products,GE,5003.08,4
2025,6,Exxon Mobil,Cambium Networks,157056.88,6
2025,6,Exxon Mobil,Other,1462.14,1
2025,6,Future Technologies Innovations LLC,Nokia,465116.905,3
2025,6,Illinois American Water,Sierra Wireless,326.51,1
2025,6,Indiana American Water,Sierra Wireless,2790.2,1
2025,6,Indpendent Stave Company,Sierra Wireless,988.9,1
2025,6,Iowa American Water,Sierra Wireless,799.2,1
2025,6,KYTC,Other,1019.72,2
2025,6,KYTC,Sierra Wireless,121915.74,1
2025,6,Keys Energy Services,Sierra Wireless,1332.54,1
2025,6,Maxim Automation,Sierra Wireless,2774.66,1
2025,6,Miami International Airport,Other,16099.32,1
2025,6,Mon Valley Integration,Sierra Wireless,2806.74,3
2025,6,NJ American Water,Sierra Wireless,3792.7,2
2025,6,NRG Controls,Sierra Wireless,2875.38,1
2025,6,Occidental Petroleum,Cambium Networks,85350.31999999999,4
2025,6,Occidental Petroleum,Ericsson,130984.0,1
2025,6,Occidental Petroleum,Other,143529.26,4
2025,6,Occidental Petroleum,Sierra Wireless,2529.98,1
2025,6,Occidental Petroleum,Site Infrastructure,189370.69,5
2025,6,Occidental Petroleum,Use Cases,94601.58,6
2025,6,PA American Water,Sierra Wireless,12791.84,4
2025,6,Perceptive Controls,Cradlepoint,558.65,1
2025,6,Perceptive Controls,Sierra Wireless,3873.5,1
2025,6,Piedmont Automation,Sierra Wireless,975.0,1
2025,6,ProTech Security,Sierra Wireless,464.56,1
2025,6,Rosewood Consulting,Sierra Wireless,47.78,1
2025,6,SOLV Energy,Sierra Wireless,2492.36,1
2025,6,Shenandoah Valley Electric CO-OP,Sierra Wireless,5852.9,1
2025,6,Southern Company,Cambium Networks,6004.559999999999,4
2025,6,Summit Utilities,Sierra Wireless,1738.5,1
2025,6,The York Water Company,Sierra Wireless,5867.15,1
2025,6,Thiele Kaolin Company,Cambium Networks,5687.809999999999,2
2025,6,Trinity Exploration and Production Services Limited,Ericsson,1553.86,1
2025,6,UGI Utilities,Sierra Wireless,652.5,1
2025,6,Vanguard Elite Security,Sierra Wireless,1310.63,1
2025,6,Virginia American Water,Sierra Wireless,799.2,1
2025,6,West Virginia American Water,Sierra Wireless,1729.54,2
2025,6,Williams Information Technology LLC,GE,1864.0,1
2025,6,Williams Information Technology LLC,Sierra Wireless,135522.79,2
2025,6,Zentro,SIAE,4050.58,2
2025,7,AEC Solar,Sierra Wireless,377.67,1
2025,7,ATI Flat Rolled Products,Celona,15125.0,1
2025,7,"Allied Control Services, Inc.",Sierra Wireless,794.99,1
2025,7,Axis Communication,Sierra Wireless,796.62,1
2025,7,Baytown Communications,Sierra Wireless,1645.92,1
2025,7,Britt Rice Electric,Sierra Wireless,443.7,1
2025,7,CSX,Cambium Networks,28009.32,1
2025,7,California American Water,Sierra Wireless,31968.0,2
2025,7,Castlerock Consulting,Sierra Wireless,3041.09,1
2025,7,City of Flushing,Sierra Wireless,995.66,1
2025,7,Complete Control Services,Sierra Wireless,663.2,1
2025,7,Control Systems Technology,Sierra Wireless,1626.32,2
2025,7,Dixie Electric,Cambium Networks,17946.91,1
2025,7,EDRDPC,Sierra Wireless,2752.73,1
2025,7,EQT,Sierra Wireless,19353.6,2
2025,7,"ETS - Engineering & Testing Services, Inc.",Sierra Wireless,3790.58,2
2025,7,Electronic Security Corporation,Sierra Wireless,1449.42,3
2025,7,Energy Transfer Partners,Cambium Networks,66852.77,1
2025,7,Enlink,Sierra Wireless,1957.5,3
2025,7,Enterprise Products,Other,2515.5,1
2025,7,Exelon,Sierra Wireless,1381.85,2
2025,7,Exxon Mobil,Cambium Networks,12161.32,1
2025,7,Future Technologies Innovations LLC,Nokia,5803.42,1
2025,7,Future Technologies Innovations LLC,Other,588151.74,4
2025,7,Garces & Garces Cargo Service,Use Cases,2000.0,1
2025,7,"Golden Automation, LLC",Sierra Wireless,730.02,1
2025,7,Graybill Inc. (Alliant Energy),Sierra Wireless,2992.44,1
2025,7,Groveport Police Department,Sierra Wireless,5134.12,1
2025,7,Hexagon Transportation,Sierra Wireless,2894.74,1
2025,7,Hilcorp,GE,3154966.4,2
2025,7,"ISUZU Technical Center of America, Inc.",Sierra Wireless,3412.86,1
2025,7,Idemia,Sierra Wireless,37825.75,1
2025,7,Indiana American Water,Sierra Wireless,14272.0,1
2025,7,Inframark,Sierra Wireless,5178.219999999999,2
2025,7,Irby Utilities,Other,4050.0,1
2025,7,John's Hopkins University,Sierra Wireless,5722.29,1
2025,7,Joseph P. Mangione JPM Lock & Security,Sierra Wireless,500.0,1
2025,7,Kays Electric,Sierra Wireless,1480.93,1
2025,7,Liberty University,Cambium Networks,909.52,1
2025,7,MTmajortech,Sierra Wireless,556.03,1
2025,7,Mad River Enterprises,Sierra Wireless,1412.69,1
2025,7,Maher Terminal Port Elizabeth,Nokia,15898.19,1
2025,7,Maxim Automation,Sierra Wireless,18911.32,3
2025,7,Mcnaughton Mckay Electric Co,Sierra Wireless,13917.05,1
2025,7,Mon Valley Integration,Sierra Wireless,1435.72,2
2025,7,NJ American Water,Sierra Wireless,15999.0,1
2025,7,Occidental Petroleum,Cambium Networks,126038.21,3
2025,7,Occidental Petroleum,Cradlepoint,18712.0,1
2025,7,Occidental Petroleum,Ericsson,10500.0,1
2025,7,Occidental Petroleum,Other,10479.0,1
2025,7,Occidental Petroleum,Site Infrastructure,226243.94,2
2025,7,Occidental Petroleum,Use Cases,53296.52,2
2025,7,Owen Electric,Sierra Wireless,29488.43,1
2025,7,PA American Water,Sierra Wireless,983.14,1
2025,7,"Phillips Southern Electric Co., Inc.",Sierra Wireless,942.8,1
2025,7,Powersouth Energy Cooperative,Cambium Networks,23340.39,1
2025,7,Ramboll,Sierra Wireless,2903.58,1
2025,7,Reading Truck,Sierra Wireless,1414.02,1
2025,7,Santee Cooper,Cambium Networks,26910.59,1
2025,7,Shenandoah Valley Electric CO-OP,Sierra Wireless,11705.8,1
2025,7,Southern Company,Cambium Networks,9458.92,2
2025,7,Southern Company,Other,216.06,1
2025,7,Southwest Traffic SystemsÂ ,Sierra Wireless,2152.08,1
2025,7,TID Water and Power  Turlock Irrigation District,Sierra Wireless,5088.89,1
2025,7,Thiele Kaolin Company,Cambium Networks,851.37,1
2025,7,Tri Tech Automation,Sierra Wireless,440.32,1
2025,7,UGI Utilities,Sierra Wireless,2235.0,1
2025,7,US Army,Cambium Networks,1429085.78,2
2025,7,University of EvansvilleÂ ,Sierra Wireless,1878.33,1
2025,7,V&R Cabling,Sierra Wireless,590.55,1
2025,7,VA-KY Communications,Sierra Wireless,1032.53,1
2025,7,West Virginia American Water,Sierra Wireless,19980.0,1
2025,7,Western Midstream,GE,2955.16,1
2025,7,Zentro,SIAE,976.16,1
2025,8,"Allied Control Services, Inc.",Sierra Wireless,794.99,1
2025,8,Apergy - ChampionX,Sierra Wireless,18000.0,1
2025,8,Enterprise Products,GE,2104.38,2
2025,8,Exelon,Sierra Wireless,2047.5,2
2025,8,Exxon Mobil,Cambium Networks,273.17,1
2025,8,Illinois American Water,Sierra Wireless,9726.02,2
2025,8,Irby Utilities,Other,1043.01,1
2025,8,KYTC,Sierra Wireless,396500.74,2
2025,8,Lake Shore Electric,Sierra Wireless,669.23,1
2025,8,Maher Terminal Port Elizabeth,Nokia,262255.32,1
2025,8,Maxim Automation,Sierra Wireless,10281.7,1
2025,8,NJ American Water,Sierra Wireless,20000.0,1
2025,8,Norfolk Southern,Cambium Networks,3700.76,1
2025,8,Occidental Petroleum,Cambium Networks,45646.43,1
2025,8,Occidental Petroleum,Site Infrastructure,12402.68,1
2025,8,Occidental Petroleum,Use Cases,24974.05,1
2025,8,PA American Water,Sierra Wireless,25631.46,20
2025,8,Rockwell Automation,Nokia,5887.5,1
2025,8,Rosewood Consulting,Sierra Wireless,3033.55,2
2025,8,Southern Company,Cambium Networks,25834.52,4
2025,8,Williams Information Technology LLC,Sierra Wireless,74691.0,1
2025,8,Zentro,SIAE,434540.7,1
